levelId,Filename,Area_Name,Name,Pos,Rotate
,alextest,,MHPlayerSpawnPoint1,"529.50671,553.98199,99.9375","1,0,0,0"
,arena_001,,CatHandCartPoint,"634.28137,870.6134,30.067167","-0.14780954,0,0,0.98901582"
,arena_001,,MHPlayerSpawnPoint2,"1406.3965,704.26306,30.134357","1,0,0,0"
,arena_001,,MHPlayerSpawnPoint1,"636.34003,850.8631,30","1,0,0,0"
,arena_002,,MHPlayerSpawnPoint6,"745.71277,1214.595,1676.5737","-4.3711388e-008,0,0,1"
,arena_002,,MHPlayerSpawnPoint5,"749.71277,1214.595,1676.5737","-4.3711388e-008,0,0,1"
,arena_002,,MHPlayerSpawnPoint3,"742.71277,1091.595,1676.5737","1,0,0,0"
,arena_002,,MHPlayerSpawnPoint1,"734.71277,1091.595,1676.5737","1,0,0,0"
,arena_002,,MHPlayerSpawnPoint2,"738.71277,1091.595,1676.5737","1,0,0,0"
,arena_002,,MHPlayerSpawnPoint4,"746.71277,1091.595,1676.5737","1,0,0,0"
,arena_002,,MHPlayerSpawnPoint9,"743.71277,1212.095,1676.5737","-4.3711388e-008,0,0,1"
,arena_002,,MHPlayerSpawnPoint8,"736.71277,1214.595,1676.5737","-4.3711388e-008,0,0,1"
,arena_002,,MHPlayerSpawnPoint7,"741.71277,1214.595,1676.5737","-4.3711388e-008,0,0,1"
,arena_003,,MHPlayerSpawnPoint_Initial,"45.28175,22.180183,1.1663437","1,0,0,0"
,arena_004,,MHPlayerSpawnPoint11_12,"3408.6362,2536.1196,50.536697","1,0,0,2.3664143e-007"
,arena_004,,MHPlayerSpawnPoint11_10,"3218.5928,975.88995,184.45316","0.79863548,0,0,0.60181504"
,arena_004,,MHPlayerSpawnPoint1_2,"1459.712,2045.2277,117.78125","0.97437012,0,0,-0.22495095"
,arena_004,,MHPlayerSpawnPoint5_7,"2240.3418,1714.8627,177.62135","0.68199819,0,0,-0.73135382"
,arena_004,,MHPlayerSpawnPoint3_10,"3156.6411,941.84827,184.45316","0.7547096,0,0,-0.65605903"
,arena_004,,MHPlayerSpawnPoint3_2,"1500.498,2037.5688,118.69412","0.84339136,0,0,0.53729975"
,arena_004,,MHPlayerSpawnPoint0_1,"1379.176,698.69391,55.34375","0.90630782,0,0,-0.42261818"
,arena_004,,MHPlayerSpawnPoint6_7,"2269.8057,1744.0483,177.75","0.026177267,0,0,0.99965733"
,arena_004,,MHPlayerSpawnPoint5_6,"2479.9773,3009.5596,189.13705","-0.026176874,0,0,0.99965733"
,arena_004,,MHPlayerSpawnPoint6_11,"3714.1484,1579.764,48.603821","0.80901712,0,0,-0.58778512"
,arena_004,,MHPlayerSpawnPoint10_11,"3719.4395,1510.316,47.258118","0.98480779,0,0,-0.17364809"
,arena_004,,MHPlayerSpawnPoint1_0,"2030.2454,225.72934,23.70294","0.74314481,0,0,0.66913062"
,arena_004,,MHPlayerSpawnPoint2_4,"693.01099,1395.4655,140.375","0.72537428,0,0,0.68835467"
,arena_004,,MHPlayerSpawnPoint7_10,"3149.1553,1002.6658,184.62604","0.56640625,0,0,-0.82412624"
,arena_004,,MHPlayerSpawnPoint7_5,"1616.1285,2980.2593,211","0.64944798,0,0,0.76040602"
,arena_004,,MHPlayerSpawnPoint3_7,"2250.2734,1692.7714,177.62135","0.96592581,0,0,-0.25881898"
,arena_004,,MHPlayerSpawnPoint2_1,"1423.3239,749.94934,55.34375","0.026176875,0,0,0.99965733"
,arena_004,,MHPlayerSpawnPoint1_4,"665.43939,1327.6172,140.375","0.94551855,0,0,0.32556817"
,arena_004,,MHPlayerSpawnPoint9_8,"752.52374,2722.3403,89.727226","0.23344545,0,0,0.97236991"
,arena_004,,MHPlayerSpawnPoint10_3,"2372.8193,699.29419,84.0625","0.68199831,0,0,0.73135376"
,arena_004,,MHPlayerSpawnPoint1_3,"2313.3418,676.83679,84","0.93969262,0,0,-0.34202012"
,arena_004,,MHPlayerRevievePoint,"2021.9904,226.19077,23.137417","1,0,0,0"
,arena_004,,MHPlayerSpawnPoint4_8,"746.12799,2607.4514,77.762459","1,0,0,0"
,arena_004,,MHPlayerSpawnPoint3_1,"1437.2437,711.49017,55.34375","0.70710671,0,0,0.70710683"
,arena_004,,MHPlayerSpawnPoint8_5,"1523.4312,3069.1816,211","-0.10452866,0,0,0.99452186"
,arena_004,,MHPlayerSpawnPoint12_6,"2552.1348,2982.8398,187.92506","0.68199801,0,0,0.731354"
,arena_004,,MHPlayerSpawnPoint10_7,"2286.0776,1688.7981,177.75","0.96363038,0,0,0.26723865"
,arena_004,,MHPlayerSpawnPoint0,"2021.9635,226.14522,23.138269","1,0,0,0"
,arena_004,,MHPlayerSpawnPoint8_9,"553.95404,3582.1013,67.269379","0.9335804,0,0,-0.35836801"
,arena_004,,MHPlayerSpawnPoint12_11,"3755.5918,1639.113,47.258118","-0.052335974,0,0,0.99862951"
,arena_004,,MHPlayerSpawnPoint7_6,"2508.9866,2917.335,185.84937","0.99984771,0,0,0.017452542"
,arena_004,,MHPlayerSpawnPoint2_5,"1585.2311,2974.7671,211","1,0,0,0"
,arena_004,,MHPlayerSpawnPoint7_3,"2347.0891,730.38965,84.0625","0.026176875,0,0,0.99965733"
,arena_004,,MHPlayerSpawnPoint4_2,"1444.9078,2105.146,117.70461","0.51503819,0,0,-0.8571673"
,arena_004,,MHPlayerSpawnPoint11_6,"2557.5923,2953.03,187.92506","0.68199801,0,0,0.731354"
,arena_004,,MHPlayerSpawnPoint2_3,"2309.991,725.89178,84.0625","-0.20791176,0,0,0.97814757"
,arena_004,,MHPlayerSpawnPoint6_5,"1653.1099,3048.0413,211","0.0087264441,0,0,0.99996191"
,arena_004,,MHPlayerSpawnPoint5_8,"801.74615,2668.9221,78.999039","0.68835455,0,0,0.7253744"
,arena_004,,MHPlayerSpawnPoint8_4,"643.56293,1448.0497,140.06165","-4.3711388e-008,0,0,1"
,arena_004,,MHPlayerSpawnPoint6_12,"3380.4614,2602.135,50.516205","0.69465858,0,0,-0.71933961"
,arena_004,,MHPlayerSpawnPoint4_1,"1366.3199,737.7323,55.34375","0.70090926,0,0,-0.71325046"
,arena_004,,MHPlayerSpawnPoint5_2,"1510.8622,2105.9915,118.24873","0.23344517,0,0,0.97236997"
,arena_005,,PlayerRespawnPoint_Red,"166.16368,411.00262,79.428474","0.70710695,0,0,-0.70710659"
,arena_005,,SwitchRegionTrigger_Red_R1,"762.44189,403.96732,63.390213","0.70710671,0,0,0.70710689"
,arena_005,,PlayerRepawnPoint_Blue,"166.08832,519.11151,79.388474","0.70710695,0,0,-0.70710665"
,arena_005,,PlayerSpawnPoint_Blue,"166.08862,519.12787,79.379509","0.70710683,0,0,-0.70710671"
,arena_005,,PlayerSpawnPoint_Red,"166.10435,411.06171,79.439186","0.70710695,0,0,-0.70710659"
,arena_005,,SwitchRegionTrigger_Blue_R1,"716.77795,403.60666,63.484688","0.70710671,0,0,-0.70710683"
,arena_007,,PlayerSpawnPoint,"33.311272,886.67059,472.5","0.99862951,0,0,-0.052335903"
,arena_007,,MHPlayerSpawnPoint_0to1,"496.40262,540.34192,250.25","-0.10452811,0,0,0.99452192"
,arena_007,,PlayerRevivePoint,"42.964031,879.58307,472.52179","-0.46174872,0,0,0.88701075"
,arena_007_tutorial,,SwitchRegionTrigger_1_To_2_Point,"799.81055,751.94153,131.64429","0.98162723,0,0,0.19080885"
,arena_007_tutorial,,MHPlayerSpawnPoint_0to1,"496.40262,540.34192,250.25","-0.10452811,0,0,0.99452192"
191001;,arena_007_tutorial,,Tut_SpawnPoint,"396.09283,451.92123,1083.5122","0.0087266313,0,0,0.99996191"
,arena_007_tutorial,,PlayerRevivePoint,"42.964031,879.58307,472.52179","-0.46174872,0,0,0.88701075"
,arena_008,,MHPlayerSpawnPoint,"168.07123,411.60104,79.304161","0.70710671,0,0,-0.70710683"
,arena_008,,PlayerRegionSwitch_0to1,"742.41827,404.03641,63.431973","1,0,0,0"
,arena_008,,MHPlayerRespawnPoint,"166.95067,411.61179,79.304161","0.70710671,0,0,-0.70710683"
,arena_010,,InitPosition,"1394.1768,753.28888,30.03125","0.93041754,0,0,0.36650124"
160101;,farm_01,,EnterPoint,"869.81116,960.40442,17.264408","0.97629601,0,0,0.21643963"
,greedland,,Player6_SpawnPoint,"900.24146,774.89276,20","0.82412618,0,0,-0.56640625"
,greedland,,SRT_13_to_11_Point,"1120.3148,993.63202,30.241074","0.99619472,-0,0,-0.087155767"
,greedland,,Player5_SpawnPoint,"914.35718,1003.1159,20","-0.30070576,0,0,0.95371699"
,greedland,,SRT_8_to_1_Point,"1567.7863,668.4101,24.984375","0.034899537,0,0,0.99939084"
,greedland,,SRT_12_to_7_Point,"1072.0056,542.08777,18.320644","0.36650121,0,0,0.9304176"
,greedland,,SRT_11_to_13_Point,"1221.3622,889.56403,60.006752","-0.43051103,0,0,0.90258533"
,greedland,,SRT_5_to_4_Point,"1044.4972,1160.6005,20.144447","0.93667215,-0,0,-0.35020745"
,greedland,,SRT_3_to_10_Point,"1377.0717,1031.8588,39.9226","-0.0087265214,0,0,0.99996191"
,greedland,,SRT_11_to_4_Point,"1137.2288,1147.5383,20.126379","0.98901588,0,0,0.14780937"
,greedland,,SRT_3_to_4_Point,"1224.5151,1201.9604,20.19099","0.7660445,0,0,0.64278758"
,greedland,,SRT_13_to_12_Point,"1165.839,761.10272,30.036674","0.31730467,0,0,0.94832367"
,greedland,,SRT_5_to_11_Point,"1047.2773,969.33844,30.014824","0.034899537,0,0,0.99939084"
,greedland,,SRT_10_to_3_Point,"1418.0033,1110.0017,19.978729","0.96814764,0,0,-0.25038004"
,greedland,,SRT_8_to_9_Point,"1345.2238,693.22632,59.994331","0.99619472,-0,0,-0.087155767"
,greedland,,SRT_4_to_5_Point,"981.28278,1055.6444,20.240818","0.34202015,0,0,0.93969262"
,greedland,,SRT_10_to_13_Point,"1276.4559,899.29211,60.261253","0.56640625,0,0,0.82412618"
,greedland,,SRT_9_to_13_Point,"1270.9127,829.612,60.063862","0.92050487,0,0,0.39073113"
,greedland,,Player7_SpawnPoint,"1021.007,541.80151,17.28125","0.74895573,0,0,-0.66262001"
,greedland,,SRT_13_to_10_Point,"1382.2747,940.68921,40.057461","0.92718387,0,0,-0.37460661"
,greedland,,SRT_2_to_10_Point,"1418.9376,933.72803,40.092987","0.6946584,0,0,0.71933979"
,greedland,,SRT_6_to_5_Point,"906.57648,947.14423,20.085987","0.71325046,-0,0,-0.70090932"
,greedland,,SRT_6_to_7_Point,"1005.9974,582.77051,17.555342","0.034899537,0,0,0.99939084"
,greedland,,SRT_1_to_9_Point,"1435.7036,802.96533,60.007099","0.43837121,0,0,0.898794"
,greedland,,SRT_12_to_6_Point,"987.26605,751.77911,20.054991","0.65605909,0,0,0.75470954"
,greedland,,Player3_SpawnPoint,"1486.8237,1139.0968,20","0.74314481,0,0,0.66913062"
,greedland,,SRT_5_to_6_Point,"885.00842,836.97229,20.02692","0.034899537,0,0,0.99939084"
,greedland,,SRT_13_to_9_Point,"1360.7416,749.95667,60.183624","0.50000006,0,0,-0.86602539"
,greedland,,SRT_7_to_12_Point,"1188.9572,712.06122,30.231171","0.98325491,0,0,0.18223554"
,greedland,,Player8_SpawnPoint,"1395.0529,483.26404,40","0.9953962,0,0,0.095845759"
,greedland,,SRT_9_to_8_Point,"1375.6044,563.71088,39.967636","-0.29237172,0,0,0.95630473"
,greedland,,Player4_SpawnPoint,"1131.3679,1179.5562,20","-0.13052616,0,0,0.99144489"
,greedland,,SRT_1_to_8_Point,"1461.9463,542.26611,40.106117","0.034899537,0,0,0.99939084"
,greedland,,Player1_SpawnPoint,"1647.809,752.84131,19.999954","0.84339148,0,0,0.53729957"
,greedland,,SRT_6_to_12_Point,"1083.4,774.40594,24.984375","0.034899537,0,0,0.99939084"
,greedland,,Player2_SpawnPoint,"1607.545,975.64429,24.984375","0.54463905,0,0,0.83867061"
,greedland,,SRT_11_to_5_Point,"942.51764,941.81177,20.165234","0.70710677,0,0,0.70710677"
,greedland,,SRT_2_to_1_Point,"1626.7234,825.15967,20.060381","0.034899537,0,0,0.99939084"
,greedland,,SRT_7_to_6_Point,"943.84143,743.94446,20.080267","0.99965733,0,0,-0.026176993"
,greedland,,SRT_2_to_3_Point,"1475.8021,1107.8295,20.075281","0.86162919,0,0,0.50753832"
,greedland,,SRT_4_to_3_Point,"1378.2651,1167.7937,19.966085","0.70090926,0,0,-0.71325052"
,greedland,,SRT_9_to_1_Point,"1542.5037,753.78961,20.043224","0.56640625,0,0,-0.82412624"
,greedland,,SRT_8_to_7_Point,"1134.3354,513.73016,20.133451","0.49242362,0,0,0.87035567"
,greedland,,SRT_7_to_8_Point,"1326.098,513.29077,40.496872","-0.47715873,0,0,0.87881714"
,greedland,,SRT_12_to_13_Point,"1218.431,835.02386,60.188725","0.9238795,0,0,-0.38268346"
,greedland,,SRT_4_to_11_Point,"1150.6248,1035.0127,30.026928","-0.0087264935,0,0,0.99996191"
,greedland,,SRT_3_to_2_Point,"1565.3817,1029.8954,24.984375","0.034899537,0,0,0.99939084"
,greedland,,SRT_1_to_2_Point,"1593.8312,912.27649,24.984375","0.9953962,0,0,0.095845759"
,greedland,,SRT_10_to_2_Point,"1532.3145,940.89886,25.083576","0.73727733,0,0,-0.67559022"
,guild_01,,MHPlayerSpawnPoint1,"1025.3853,1286.7659,104.88641","0.29237163,0,0,0.95630479"
,guild_01,,Minimap_Teleport,"1017.164,1283.4886,105.23875","0.25881904,0,0,0.96592581"
150101;,hub_001,Cinnamon Mountain,MHPlayerSpawnPoint_FromNewbie,"394.02637,370.45035,88.174324","0.99144489,0,0,-0.13052617"
150101;,hub_001,Cinnamon Mountain,EntryPointFromVillage,"372.43442,368.92905,89.42038","0.69465828,0,0,-0.71933991"
150101;,hub_001,Cinnamon Mountain,MHPlayerSpawnPoint_ProtectDefault,"394.03256,370.48151,88.124695","0.99144489,0,0,-0.13052619"
150101;,hub_001,Cinnamon Mountain,EntryPointFromHub01,"404.53613,396.77765,84.06369","0.13052619,0,0,0.99144489"
150101;,hub_001,Cinnamon Mountain,EntryPointFromHub2,"431.55576,378.61368,84.615326","0.84339154,0,0,0.53729951"
150201;,hub_002,Longzhi Lake,SafeSpawnPoint_FromLevel,"516.94159,506.74786,119.22631","0.061048578,0,0,0.99813479"
150201;,hub_002,Longzhi Lake,Teleporter_To_Hub001_BackPoint,"503.66687,519.0766,119.17596","-0.18223552,0,0,0.98325491"
150201;,hub_002,Longzhi Lake,Teleporter_To_Village02_BackPoint,"550.32245,482.12671,117.56145","0.95630479,0,0,0.29237166"
150201;,hub_002,Longzhi Lake,EnterInstance2_BackPoint,"474.3399,484.77094,116.0913","0.87881708,0,0,-0.47715881"
150201;,hub_002,Longzhi Lake,Arrive_From_Village01,"479.9447,495.83167,116.75938","-0.23344535,0,0,0.97236991"
150301;,hub_003,Moonbeam Forest,Arrive_From_Village02,"506.26965,401.89761,48.088387","0.97029573,0,0,-0.24192192"
150301;,hub_003,Moonbeam Forest,MHPlayerSpawnPointFrom_Hub3,"506.4267,457.12311,50.537716","-0.41469324,0,0,0.90996128"
150301;,hub_003,Moonbeam Forest,Initial_SpawnPoiont,"517.36304,391.93173,49.096535","0.98901588,0,0,-0.14780945"
150301;,hub_003,Moonbeam Forest,Arrive_From_Hub04,"547.31561,392.17645,49.115135","0.95105648,0,0,0.30901712"
150401;,hub_004,Burning Fortress,Arrive_From_OtherPlaces,"526.5127,508.63571,29.999491","-0.19080901,0,0,0.98162717"
150401;,hub_004,Burning Fortress,SafeSpawnPoint ,"550.51465,523.17902,29.696609","0.13052626,0,0,0.99144489"
150401;,hub_004,Burning Fortress,EnterPoint_Hub03,"550.51465,523.17902,29.696609","0.13052624,0,0,0.99144489"
150401;,hub_004,Burning Fortress,Teleporter_To_Hub001_BackPoint,"548.19733,522.58051,29.824791","0.25881895,0,0,0.96592581"
150401;,hub_004,Burning Fortress,Teleporter_To_Hub003_BackPoint,"542.49908,451.64084,36.631306","0.99452192,0,0,-0.10452837"
150401;,hub_004,Burning Fortress,EnterPoint_HuntingField,"513.46875,488.49054,29.5","0.74895567,0,0,-0.66262013"
150501;,hub_005,Sprint Wind Post,Minimap_Teleport,"1028.1249,1173.3152,47.247326","0.52991927,0,0,0.84804809"
150501;,hub_005,Sprint Wind Post,Teleporter_To_Hub004_BackPoint,"1010.6843,1155.6472,45.524193","1,0,0,0"
150501;,hub_005,Sprint Wind Post,MHPlayerSpawnPoint1,"1028.115,1173.316,47.247875","0.52991921,0,0,0.84804809"
,levelfunticontestlevel,,MHPlayerSpawnPoint18,"881.94495,681.64496,26.068491","0.043619458,0,0,0.99904823"
,levelfunticontestlevel,,MHPlayerSpawnPoint25,"881.573,1331.3739,26.4121","0.99254614,-0,0,-0.12186937"
,levelfunticontestlevel,,MHPlayerSpawnPoint19,"881.91351,548.83905,26.068491","0.043619458,0,0,0.99904823"
,levelfunticontestlevel,,MHPlayerSpawnPoint3,"898.52454,1166.9681,26.4121","0.043619458,0,0,0.99904823"
,levelfunticontestlevel,,MHPlayerSpawnPoint32,"863.08362,1371.5365,26.4121","0.99254614,-0,0,-0.12186937"
,levelfunticontestlevel,,MHPlayerSpawnPoint20,"880.44342,417.46948,26.068491","0.043619458,0,0,0.99904823"
,levelfunticontestlevel,,MHPlayerSpawnPoint24,"887.26379,1330.4362,26.4121","0.99254614,-0,0,-0.12186937"
,levelfunticontestlevel,,MHPlayerSpawnPoint28,"865.19873,1347.7809,26.4121","0.99254614,-0,0,-0.12186937"
,levelfunticontestlevel,,MHPlayerSpawnPoint15,"892.78632,1055.5636,26.068493","0.043619458,0,0,0.99904823"
,levelfunticontestlevel,,MHPlayerSpawnPoint27,"868.60944,1341.6355,26.4121","0.99254614,-0,0,-0.12186937"
,levelfunticontestlevel,,MHPlayerSpawnPoint29,"863.61487,1353.3713,26.4121","0.99254614,-0,0,-0.12186937"
,levelfunticontestlevel,,MHPlayerSpawnPoint17,"886.77356,814.60883,26.068491","0.043619458,0,0,0.99904823"
,levelfunticontestlevel,,MHPlayerSpawnPoint30,"861.48138,1359.4532,26.4121","0.99254614,-0,0,-0.12186937"
,levelfunticontestlevel,,MHPlayerSpawnPoint21,"881.92993,272.92715,26.068491","0.043619458,0,0,0.99904823"
,levelfunticontestlevel,,MHPlayerSpawnPoint16,"885.64307,940.40546,26.068493","0.043619458,0,0,0.99904823"
,levelfunticontestlevel,,MHPlayerSpawnPoint22,"704.11365,273.38342,26.068491","0.043619458,0,0,0.99904823"
,levelfunticontestlevel,,MHPlayerSpawnPoint1,"901.31622,1396.9866,26.4121","0.043619458,0,0,0.99904823"
,levelfunticontestlevel,,MHPlayerSpawnPoint11,"897.18414,1282.8831,26.4121","0.043619458,0,0,0.99904823"
,levelfunticontestlevel,,MHPlayerSpawnPoint12,"901.72113,1331.7773,26.412096","0.99254614,-0,0,-0.12186937"
,levelfunticontestlevel,,MHPlayerSpawnPoint23,"718.01385,436.70428,26.412098","0.37460667,0,0,0.92718381"
,levelfunticontestlevel,,MHPlayerSpawnPoint14,"894.07715,1330.9203,26.412098","0.99254614,-0,0,-0.12186937"
,levelfunticontestlevel,,MHPlayerSpawnPoint26,"874.16858,1335.8263,26.4121","0.99254614,-0,0,-0.12186937"
,levelfunticontestlevel,,MHPlayerSpawnPoint31,"861.75684,1364.7651,26.4121","0.99254614,-0,0,-0.12186937"
401301;100113;100107;100104;100103;,level_001,,MHPlayerSpawnPoint26Random,"1490.3551,466.10989,63.728966","-0.300706,0,0,0.95371693"
,level_001,,RSTrigger_1to0_Point,"1668.3159,1586.6306,128.51051","-0.29237169,0,0,0.95630479"
401301;100113;100107;100104;100103;,level_001,,MHPlayerSpawnPoint25Random,"1543.5721,543.66016,70.72876","-0.300706,0,0,0.95371693"
100191;,level_001,,Guide1_PlayerSpawner,"1616.0242,1550.0006,122.39877","0.76604444,0,0,-0.64278758"
,level_001,,RSTrigger_3to2_Point,"1569.0188,496.4064,69.253624","-0.17364804,0,0,0.98480779"
,level_001,,CatHandCartPoint,"1644.8879,1534.916,122.8712","0.78260809,0,0,0.62251472"
,level_001,,RSTrigger_3to1_Point,"1553.1938,1578.2971,143","0.84804803,-0,0,-0.52991933"
,level_001,,RSTrigger_2to3_Point,"1555.2915,523.82959,70.21096","0.96126175,0,0,0.27563727"
,level_001,,RSTrigger_1to2_Point,"1619.6494,452.75977,70.99498","0.99813479,0,0,0.061048463"
401301;100113;100107;100104;100103;,level_001,,MHPlayerSpawnPoint24Random,"1527.6381,542.7663,71.133011","-0.300706,0,0,0.95371693"
401301;100113;100107;100104;100103;,level_001,,MHPlayerSpawnPoint23Random,"1600.0408,492.70734,69.034698","0.99357182,0,0,0.11320338"
,level_001,,RSTrigger_1to3_Point,"1480.9088,545.14032,75.020172","0.7547096,0,0,-0.65605903"
,level_001,,RSTrigger_4to2_Point,"1565.0793,473.98364,69.457832","0.95881969,0,0,-0.28401542"
,level_001,,RSTrigger_3to4_Point,"1489.9385,492.30719,63.633183","0.35836795,0,0,0.93358046"
,level_001,,RSTrigger_2to1_Point,"1575.1772,1623.1897,142.76399","-0.13917302,0,0,0.99026811"
401301;100113;100107;100104;100103;,level_001,,MHPlayerSpawnPoint22Random,"1580.5427,486.69116,69.3125","0.99904823,-0,0,-0.043619215"
,level_001,,RSTrigger_4to3_Point,"1515.6482,531.04803,71.337494","0.95105654,0,0,-0.30901694"
,level_001,,RSTrigger_2to4_Point,"1499.8042,456.42413,64.057922","0.68199819,0,0,0.73135382"
401301;100113;100107;100104;100103;,level_001,,MHPlayerSpawnPoint13Random,"1583.1508,1612.824,142.56317","-0.30901709,0,0,0.95105648"
,level_001,,PlayerSpawner0,"1634.9756,1537.9598,122.87598","0.7604059,0,0,-0.6494481"
,level_001,,RSTrigger_0to1_Point,"1622.3158,1605.1857,142.78421","0.63607818,0,0,0.77162457"
401301;100113;100107;100104;100103;,level_001,,MHPlayerSpawnPoint14Random,"1601.8053,1599.4771,142.94037","-0.25881907,0,0,0.96592581"
,level_002,,MHPlayerSpawnPoint4,"334.87854,1045.3535,156","-0.0087265009,0,0,0.99996191"
,level_002,,MHPlayerSpawnPoint13,"321.86829,975.48297,155.78426","0.90258533,0,0,0.43051106"
,level_002,,MHPlayerSpawnPoint12,"341.93213,1020.4387,156","0.74314481,0,0,0.66913062"
,level_002,,MHPlayerSpawnPoint14,"1602.8939,1664.4445,142.5","-4.3711388e-008,0,0,1"
,level_002,,MHPlayerSpawnPoint9,"999.46265,974.2677,117.81969","0.84804809,0,0,0.52991927"
,level_002,,MHPlayerSpawnPoint1,"1681.2958,346.80392,205.375","0.96126169,0,0,0.27563742"
,level_002,,CatHandCartPoint,"1670.1587,358.51425,205.07062","-0.41469324,0,0,0.90996128"
402303;402302;402301;100223;100213;100203;,level_002,,MHPlayerSpawnPoint1_random,"1000.2012,341.11377,125.19296","0.82903749,0,0,0.55919302"
,level_002,,MHPlayerSpawnPoint5,"320.66428,297.08063,358","0.017452389,0,0,0.99984771"
,level_002,,MHPlayerSpawnPoint8,"313.99857,232.07149,358.00623","0.48480961,0,0,0.87461972"
402303;402302;402301;100223;100213;100203;,level_002,,MHPlayerSpawnPoint3_random,"1484.0142,885.45129,320.75","0.97992474,-0,0,-0.19936784"
,level_002,,MHPlayerSpawnPoint16,"1409.6608,953.66937,321.33481","-0.32556808,0,0,0.94551861"
402303;402302;402301;100223;100213;100203;,level_002,,MHPlayerSpawnPoint2_random,"302.09982,271.37076,358","0.18223546,0,0,0.98325491"
,level_002,,MHPlayerSpawnPoint10,"281.54102,203.03264,357.80954","0.90630776,0,0,-0.42261836"
,level_002,,MHPlayerSpawnPoint5-C,"1663.4626,306.17178,205.375","0.99144483,0,0,0.13052627"
402303;402302;402301;100223;100213;100203;,level_002,,MHPlayerSpawnPoint5_random,"963.78613,984.84521,117.57791","0.7547096,0,0,-0.65605897"
,level_002,,MHPlayerSpawnPoint7,"1419.4675,892.89319,320.85098","0.87881714,0,0,-0.47715876"
402303;402302;402301;100223;100213;100203;,level_002,,MHPlayerSpawnPoint6_random,"322.58368,1010.0844,156","0.24192192,0,0,0.97029573"
,level_002,,MHPlayerSpawnPoint18,"982.5401,365.91705,124.625","-0.043619413,0,0,0.99904823"
402303;402302;402301;100223;100213;100203;,level_002,,MHPlayerSpawnPoint7_random,"1632.606,1629.8833,142.625","0.8571673,0,0,0.51503807"
,level_002,,MHPlayerSpawnPoint15,"1578.2771,1610.1555,142.73795","0.96814764,0,0,-0.25038001"
402303;402302;402301;100223;100213;100203;,level_002,,MHPlayerSpawnPoint4_random,"1461.259,952.21826,320.75","0.75470954,0,0,0.65605909"
,level_002,,MHPlayerSpawnPoint11,"991.81616,1007.6465,117.5779","0.35836789,0,0,0.93358046"
,level_002,,MHPlayerSpawnPoint6,"1010.3438,323.38254,127.09091","0.55919278,0,0,0.82903773"
,level_002,,MHPlayerSpawnPoint2,"991.28113,298.02991,124.59054","0.99026805,0,0,-0.13917311"
,level_002,,MHPlayerSpawnPoint17,"1461.8577,834.8266,320.75","1,0,0,0"
,level_002,,MHPlayerSpawnPoint3,"1665.2522,367.1514,204.25","-0.052335974,0,0,0.99862951"
,level_003,,MHPlayerSpawnPoint_7-4,"2975.7983,3405.0061,64.300278","-0.36650106,0,0,0.93041766"
100344;100343;100333;100323;100313;100303;,level_003,,MHPlayerSpawnPoint27,"696.28735,3151.97,84.23204","0.64278752,0,0,0.76604456"
100344;100343;100333;100323;100313;100303;,level_003,,MHPlayerSpawnPoint22,"1313.9622,662.04993,48.9375","0.12186933,0,0,0.99254614"
,level_003,,MHPlayerSpawnPoint17_7-3,"478.65787,1928.014,35.819511","0.69465834,0,0,-0.71933985"
,level_003,,CatHandCartPoint,"812.7724,3172.9319,93.754784","0.96592581,0,0,0.25881907"
,level_003,,MHPlayerSpawnPoint30_2-3,"537.50775,1963.1769,36.074364","0.19936794,0,0,0.97992468"
100344;100343;100333;100323;100313;100303;,level_003,,MHPlayerSpawnPoint26,"3005.719,3409.1223,64.625","-0.24192195,0,0,0.97029567"
100344;100343;100333;100323;100313;100303;,level_003,,MHPlayerSpawnPoint25,"1372.4303,772.96094,61.895245","0.26723835,0,0,0.9636305"
,level_003,,MHPlayerSpawnPoint3_0-1,"3483.304,801.72638,93.390381","0.70710683,0,0,0.70710677"
,level_003,,MHPlayerSpawnPoint14_7-6,"1375.0449,743.94379,61.686447","0.99813479,0,0,0.061048552"
,level_003,,MHPlayerSpawnPoint11_3-7,"1270.8865,686.68774,48.9375","-0.40673685,0,0,0.91354537"
,level_003,,MHPlayerSpawnPoint5_5-1,"3441.4651,809.73663,86.575104","0.52249849,0,0,-0.85264021"
,level_003,,MHPlayerSpawnPoint13_4-7,"1398.9149,681.53186,48.94054","0.76040596,0,0,0.64944804"
,level_003,,MHPlayerSpawnPoint18_1-5,"709.32184,3145.5354,84","0.81411558,0,0,0.5807029"
,level_003,,MHPlayerSpawnPoint_2-C,"803.98688,3179.5364,93.672218","0.52991921,0,0,-0.84804809"
100344;100343;100333;100323;100313;100303;,level_003,,MHPlayerSpawnPoint21,"3464.8757,804.12866,89.218628","0.81915206,0,0,0.57357645"
,level_003,,MHPlayerSpawnPoint29_3-2,"564.47095,2001.147,26.128981","0.8571673,0,0,-0.51503813"
,level_003,,MHPlayerSpawnPoint19_6-5,"641.94769,3149.2161,84.201141","0.76604444,0,0,-0.64278764"
,level_003,,MHPlayerSpawnPoint28_0-2,"591.87958,1995.1609,25.030617","0.77714604,0,0,0.62932032"
,level_003,,MHPlayerSpawnPoint9_3-5,"652.49524,3168.9766,83.9375","-0.25881898,0,0,0.96592581"
,level_003,,MHPlayerSpawnPoint6_1-4,"3007.7104,3436.1167,64.606903","0.11320327,0,0,0.99357182"
,level_003,,MHPlayerSpawnPoint1,"804.61816,3186.5696,93.6875","-0.14780942,0,0,0.98901588"
100344;100343;100333;100323;100313;100303;,level_003,,MHPlayerSpawnPoint23,"1368.9292,677.25604,48.9375","0.12186933,0,0,0.99254614"
,level_003,,MHPlayerSpawnPoint4_4-1,"3449.7876,800.82562,87.119308","0.99939084,0,0,-0.034899566"
,level_003,,MHPlayerSpawnPoint15_5-6,"1350.2238,787.06378,61.65625","-0.15643451,0,0,0.9876883"
,level_003,,MHPlayerSpawnPointC_1-C,"823.66235,3148.9219,95.743011","0.99691737,0,0,0.078459047"
100344;100343;100333;100323;100313;100303;,level_003,,MHPlayerSpawnPoint24,"1357.1073,770.07544,61.806789","0.12186933,0,0,0.99254614"
,level_003,,MHPlayerSpawnPoint12_6-7,"1365.9366,689.1922,48.926739","-0.10452843,0,0,0.99452192"
,level_003,,MHPlayerSpawnPoint20_5-3,"501.83237,1890.0444,36.098728","0.99026805,0,0,-0.13917315"
,level_004,,SwitchRegionPoint_3to4,"174.71451,229.18648,31.232828","-0.095845714,0,0,0.9953962"
,level_004,,SwitchRegionPoint_7to6,"301.12143,827.21808,19.874556","0.91354543,0,0,-0.40673667"
,level_004,,SwitchRegionPoint_5to9,"172.28029,263.22543,23.196121","0.9426415,0,0,0.33380687"
,level_004,,SwitchRegionPoint_1to2A,"874.52716,731.6496,18.30607","0.97236991,0,0,0.23344536"
,level_004,,CatHandCartPoint,"817.19434,911.99768,24.890625","0.20791167,0,0,0.97814763"
404303;404302;404301;404003;404002;404001;100434;100433;100432;100431;100423;100413;100403;,level_004,,MHPlayerSpawnPoint_Random2,"825.03949,740.03784,18.640598","0.96363044,0,0,0.26723838"
,level_004,,SwitchRegionPoint_1to0B,"791.51923,869.65192,18.291498","0.6946584,0,0,-0.71933979"
404303;404302;404301;404003;404002;404001;100434;100433;100432;100431;100423;100413;100403;,level_004,,MHPlayerSpawnPoint_Random4,"299.8913,848.57318,17.921875","0.96363044,0,0,0.26723838"
,level_004,,SwitchRegionPoint_5to6,"269.17935,780.66974,18.816057","-0.16504768,0,0,0.98628557"
,level_004,,SwitchRegionPoint_1to2B,"760.10913,271.23422,18.026291","-0.44619784,0,0,0.89493436"
,level_004,,SwitchRegionPoint_5to11,"209.21129,193.01804,31.234375","0.84804809,0,0,0.52991927"
,level_004,,SwitchRegionPoint_0to1A,"858.26697,793.98651,18.33548","-0.26723832,0,0,0.96363044"
,level_004,,SwitchRegionPoint_3to1,"785.7926,773.21021,18.830492","-0.42261821,0,0,0.90630782"
,level_004,,SwitchRegionPoint_6to5,"352.36673,243.89551,31.776413","0.7253744,0,0,0.68835461"
404303;404302;404301;404003;404002;404001;100434;100433;100432;100431;100423;100413;100403;,level_004,,MHPlayerSpawnPoint_Random1,"781.388,253.13544,17.977707","0.96363044,0,0,0.26723838"
,level_004,,SwitchRegionPoint_6o7,"287.40881,782.48914,18.630293","-1.1922327e-007,0,0,1"
,level_004,,SwitchRegionPoint_2to1B,"802.23212,707.31598,18.761997","1,0,0,0"
,level_004,,SwitchRegionPoint_6to0,"819.94098,869.32239,18.287149","0.79335338,0,0,0.60876143"
,level_004,,MHPlayerSpawnPoint1,"817.14575,912.03461,24.993866","0.13917305,0,0,0.99026811"
,level_004,,SwitchRegionPoint_0to6,"311.76514,853.43268,17.759256","0.19080903,0,0,0.98162717"
,level_004,,SwitchRegionPoint_5to15,"761.32758,242.44704,18.205709","0.79863554,0,0,-0.60181499"
,level_004,,SwitchRegionPoint_5to7,"139.8275,325.36725,23.328125","-0.17364822,0,0,0.98480773"
,level_004,,SwitchRegionPoint_1to0A,"810.30249,859.24585,18.189262","0.92718387,0,0,0.37460661"
404303;404302;404301;404003;404002;404001;100434;100433;100432;100431;100423;100413;100403;,level_004,,MHPlayerSpawnPoint_Random3,"150.69385,303.86572,23.328125","0.96363044,0,0,0.26723838"
,level_004,,SwitchRegionPoint_4to5,"322.9494,224.51688,32.062183","0.94832367,0,0,-0.31730464"
,level_004,,SwitchRegionPoint_5to16,"798.00702,284.30011,17.980627","0.36650118,0,0,0.9304176"
,level_004,,SwitchRegionPoint_0to1B,"790.4071,804.47217,17.956539","-0.35836798,0,0,0.9335804"
,level_004,,SwitchRegionPoint_2to3,"153.64111,325.65445,23.328125","0.27563739,0,0,0.96126169"
,level_005,,RSTrigger_0to1_Point,"1309.7596,1189.741,71.8125","-0.28401533,0,0,0.95881969"
,level_005,,RSTrigger_5to7_Point,"1176.8906,2381.2996,44.576214","0.74895585,0,0,-0.66261995"
405302;405301;100534;100513;100503;,level_005,,MHPlayerSpawnPointHard6,"1218.6638,2368.5229,44.114502","0.99984771,0,0,-0.017452378"
405302;405301;100534;100513;100503;,level_005,,MHPlayerSpawnPointHard2,"2770.645,2715.9351,250","0.84339148,0,0,-0.53729957"
,level_005,,RSTrigger_4to3_Point,"2761.2788,2761.9346,250.27919","-0.017452436,0,0,0.99984771"
,level_005,,MHPlayerSpawnPoint_Revive,"521.88043,3685.7979,54.756813","0.99984771,0,0,0.017452491"
,level_005,,CatHandCartPoint,"518.99097,3686.1118,54.972099","0.98719728,0,0,-0.15950413"
405302;405301;100534;100513;100503;,level_005,,MHPlayerSpawnPointHard1,"2874.7568,436.92203,40","0.13917305,0,0,0.99026811"
,level_005,,RSTrigger_3to4_Point,"3227.6355,3030.8613,261","0.78260809,0,0,0.62251472"
,level_005,,RSTrigger_3to2_Point,"2873.9844,446.03299,40","0.034899518,0,0,0.99939084"
,level_005,,RSTrigger_6to0_Point,"519.92291,3684.5154,55.065681","0.99904823,-0,0,-0.043619443"
,level_005,,RSTrigger_2to1_Point,"1377.0297,1134.1617,72.646194","0.809017,0,0,0.58778524"
,level_005,,RSTrigger_0to6_Point,"139.50124,175.97272,0.17131305","0.33380693,0,0,0.94264144"
,level_005,,RSTrigger_7to5_Point,"1916.3949,3517.0205,277","0.095845737,0,0,0.9953962"
405302;405301;100534;100513;100503;,level_005,,MHPlayerSpawnPointHard3,"3191.3792,3078.5369,261","-0.087155722,0,0,0.99619472"
,level_005,,RSTrigger_6to4_Point,"3210.0957,2997.4827,261.41125","0.9636305,0,0,0.26723823"
,level_005,,RSTrigger_7to2_Point,"2913.8567,418.87146,40","0.55919284,0,0,0.82903761"
,level_005,,RSTrigger_6to1_Point,"1363.2963,1185.6974,72.034843","0.58070296,0,0,0.81411552"
,level_005,,RSTrigger_1to6_Point,"129.98709,96.812241,0.23676407","0.99026811,0,0,0.13917306"
,level_005,,RSTrigger_2to3_Point,"2738.2478,2709.0039,250","0.70710683,0,0,-0.70710677"
,level_005,,RSTrigger_2to7_Point,"1227.2781,2432.5891,44.007706","0.31730458,0,0,0.94832373"
,level_005,,MHPlayerSpawnPoint,"519.17975,3721.0679,57.903816","0.017452529,0,0,0.99984771"
405302;405301;100534;100513;100503;,level_005,,MHPlayerSpawnPointHard5,"129.13354,161.51294,0.03125","-0.095845915,0,0,0.9953962"
,level_005,,RSTrigger_7to3_Point,"2843.636,2748.5308,250.27919","0.40673661,0,0,0.91354543"
405302;405301;100534;100513;100503;,level_005,,MHPlayerSpawnPointHard4,"1918.6072,3435.1213,276.80862","0.98901588,0,0,0.14780945"
,level_005,,RSTrigger_1to2_Point,"2848.7009,409.98984,40","0.83388585,0,0,-0.55193698"
,level_005,,RSTrigger_3to7_Point,"1228.5498,2351.8962,44.348316","0.97814757,0,0,0.20791185"
,level_005,,RSTrigger_4to5_Point,"1922.4762,3419.8813,276.95563","0.99862951,0,0,-0.052336004"
,level_005,,RSTrigger_1to0_Point,"532.89941,3698.2969,55.024269","0.66913056,0,0,0.74314487"
,level_005,,RSTrigger_5to4_Point,"3223.4114,3087.9473,261.056","0.61566144,0,0,0.78801078"
,level_005,,RSTrigger_4to6_Point,"168.7113,130.08875,8.5877838","0.70710677,0,0,0.70710677"
,level_005_airship,,RSTrigger_1to2_Point,"3.1471591,5.7771654,42.847664","0.006730142,0,0,0.99997735"
,level_005_airship,,PlayerSpawner_Revive,"545.65961,3806.8401,5.4432092","0.6946584,0,0,-0.71933979"
,level_005_airship,,RSTrigger_0to1_Point,"542.96033,3807.1331,5.5704336","0.68835443,0,0,-0.72537452"
,level_005_airship,,PlayerSpawner_Start,"517.20862,3714.9548,57.32053","-0.043619618,0,0,0.99904817"
,level_005_airship,,PlayerSpawner_Deck,"17.29595,-4.0017328,41.937599","0.70959049,0,0,0.70461434"
,level_005_airship,,RSTrigger_2to1_Point,"545.70056,3804.835,5.5704336","0.68835449,0,0,-0.72537446"
,level_006,,MHPlayerSpawnPoint3t2,"3118.0217,3239.3269,133.78137","0.86602539,0,0,-0.50000006"
,level_006,,MHPlayerSpawnPoint0t1,"3084.584,1969.813,135.43555","0.87881708,0,0,0.47715878"
406301;406002;406001;100645;100644;100634;100633;100623;100613;100603;,level_006,,1_HardStageSpawnPoint2,"3070.4236,1955.4639,134.54427","0.87461972,0,0,-0.48480961"
406301;406002;406001;100645;100644;100634;100633;100623;100613;100603;,level_006,,8_HardStageSpawnPoint1,"784.45691,2008.2488,86.891029","0.5591929,0,0,0.82903755"
406301;406002;406001;100645;100644;100634;100633;100623;100613;100603;,level_006,,4_HardStageSpawnPoint2,"1898.7461,3793.3447,83.875","0.79335332,0,0,0.60876149"
,level_006,,MHPlayerSpawnPoint6t3,"786.84454,3336.8835,107.51157","-0.19936797,0,0,0.97992468"
,level_006,,MHPlayerSpawnPoint9t7,"1854.5598,3245.376,88.765739","0.60181487,0,0,-0.7986356"
,level_006,,MHPlayerSpawnPoint9t3,"801.13123,3263.5046,107.51157","0.98162717,0,0,-0.19080894"
,level_006,,MHPlayerSpawnPoint1,"3481.8835,382.51236,85.259308","0.63607818,0,0,0.77162457"
,level_006,,MHPlayerSpawnPoint7t9,"1868.1521,1929.0912,114.81012","0.7547096,0,0,0.65605903"
406301;406002;406001;100645;100644;100634;100633;100623;100613;100603;,level_006,,8_HardStageSpawnPoint2,"736.09882,2010.0665,87.386879","0.81411546,-0,0,-0.58070308"
,level_006,,MHPlayerSpawnPoint7t1,"3054.5884,1941.8738,133.25","0.97629601,0,0,-0.21643959"
,level_006,,MHPlayerSpawnPoint1t7,"1943.4778,3206.2944,88.967361","0.92718393,0,0,0.37460652"
,level_006,,CatHandCartPoint,"3458.6746,373.7561,85.366966","0.80385685,0,0,-0.59482276"
,level_006,,MHPlayerSpawnPoint8t6,"1849.5537,806.86865,90.06321","0.7547096,0,0,-0.65605903"
,level_006,,MHPlayerSpawnPoint2t1,"3041.2883,1972.9252,131.02278","-0.39073122,0,0,0.92050481"
,level_006,,MHPlayerSpawnPoint5t4,"1862.9108,3740.5549,84.554993","0.98480773,0,0,-0.17364825"
,level_006,,MHPlayerSpawnPoint7t4,"1915.8295,3822.1543,84.554993","0.59482276,0,0,0.80385685"
,level_006,,MHPlayerSpawnPoint4t6,"386.89398,532.65613,77.429993","-0.49242344,0,0,0.87035573"
406301;406002;406001;100645;100644;100634;100633;100623;100613;100603;,level_006,,7_HardStageSpawnPoint1,"1920.4651,3220.3516,88.817543","0.71325052,0,0,-0.70090926"
406301;406002;406001;100645;100644;100634;100633;100623;100613;100603;,level_006,,9_HardStageSpawnPoint1,"1833.6582,1967.3959,114.95353","0.81411546,-0,0,-0.58070308"
,level_006,,MHPlayerSpawnPoint3t9,"1853.7723,1977.8907,114.81012","0.21643963,0,0,0.97629601"
,level_006,,MHPlayerSpawnPoint2t3,"853.99884,3268.3787,107.3125","0.87461972,0,0,0.48480961"
406301;406002;406001;100645;100644;100634;100633;100623;100613;100603;,level_006,,9_HardStageSpawnPoint2,"1850.1495,1946.8204,114.89103","1,0,0,-1.700013e-007"
406301;406002;406001;100645;100644;100634;100633;100623;100613;100603;,level_006,,5_HardStageSpawnPoint1,"436.30481,532.52246,77.197067","0.79335332,0,0,0.60876149"
,level_006,,MHPlayerSpawnPoint4t5,"456.57184,566.38507,77.4375","0.47715884,0,0,0.87881708"
,level_006,,MHPlayerSpawnPoint1t2,"3159.1501,3275.6672,133.47234","0.66262007,0,0,0.74895573"
406301;406002;406001;100645;100644;100634;100633;100623;100613;100603;,level_006,,1_HardStageSpawnPoint1,"3062.3157,1968.2605,133.625","0.76604444,0,0,0.64278764"
406301;406002;406001;100645;100644;100634;100633;100623;100613;100603;,level_006,,7_HardStageSpawnPoint2,"1889.9648,3239.2131,88.80394","0.5591929,0,0,0.82903755"
406301;406002;406001;100645;100644;100634;100633;100623;100613;100603;,level_006,,6_HardStageSpawnPoint2,"1902.9902,818.91217,90.251625","0.71325052,0,0,-0.70090926"
406301;406002;406001;100645;100644;100634;100633;100623;100613;100603;,level_006,,5_HardStageSpawnPoint2,"450.38171,547.3006,77.284813","0.79335332,0,0,0.60876149"
,level_006,,MHPlayerSpawnPoint3t6,"1894.788,790.66571,90.25","0.99026805,0,0,0.13917306"
406301;406002;406001;100645;100644;100634;100633;100623;100613;100603;,level_006,,4_HardStageSpawnPoint1,"1896.2834,3821.8452,83.745163","-0.12186938,0,0,0.99254614"
406301;406002;406001;100645;100644;100634;100633;100623;100613;100603;,level_006,,2_HardStageSpawnPoint2,"3117.0366,3282.4014,133.51254","0.19936796,0,0,0.97992468"
,level_006,,MHPlayerSpawnPoint6t8,"732.23218,2032.629,87.1875","-0.14780937,0,0,0.98901588"
,level_006,,MHPlayerSpawnPoint5t8,"731.55182,1954.9982,87.125","0.90630782,-0,0,-0.42261827"
406301;406002;406001;100645;100644;100634;100633;100623;100613;100603;,level_006,,6_HardStageSpawnPoint1,"1874.0897,821.51508,90.203529","0.79335332,0,0,0.60876149"
,level_006,,MHPlayerSpawnPoint4t7,"1912.731,3257.4648,88.491638","0.043619417,0,0,0.99904823"
406301;406002;406001;100645;100644;100634;100633;100623;100613;100603;,level_006,,2_HardStageSpawnPoint1,"3126.4617,3269.1064,133.375","0.19936796,0,0,0.97992468"
,level_006,,MHPlayerSpawnPoint6t2,"3111.4221,3287.6577,133.78137","0.52991927,0,0,-0.84804815"
,level_006,,MHPlayerSpawnPoint1t0,"3461.4128,374.51428,85.366966","0.82903761,0,0,-0.5591929"
,level_006,,MHPlayerSpawnPoint2t6,"1932.3608,822.45764,90.201241","0.76040596,0,0,0.64944804"
407303;407302;407301;407202;407201;407002;407001;100746;100745;100744;100743;100734;100733;100723;100713;100704;100703;,level_007,,RandomPlayer_1a2,"571.20789,1035.6383,30.140625","0.90996128,0,0,-0.4146933"
,level_007,,SwitchRegionTrigger_7to3_Point,"2144.595,3107.3745,19.282284","0.62932032,0,0,0.77714604"
,level_007,,SwitchRegionTrigger_4to6_Point,"1935.5149,939.17426,30.527176","0.28401542,0,0,0.95881969"
,level_007,,SwitchRegionTrigger_8to1_Point,"3494.2766,3182.0225,132.875","0.32556802,0,0,0.94551861"
407303;407302;407301;407202;407201;407002;407001;100746;100745;100744;100743;100734;100733;100723;100713;100704;100703;,level_007,,RandomPlayer_1a,"3455.5891,3150.9336,132.875","0.9335804,0,0,-0.35836804"
407303;407302;407301;407202;407201;407002;407001;100746;100745;100744;100743;100734;100733;100723;100713;100704;100703;,level_007,,RandomPlayer_1a3,"312.06015,1429.6145,35.65625","0.65605921,0,0,0.75470948"
,level_007,,SwitchRegionTrigger_4to5_Point,"250.45824,1438.0989,35.63797","0.76604444,0,0,-0.64278764"
,level_007,,SwitchRegionTrigger_7to8_Point,"3490.8923,956.79968,32.673393","0.83388573,-0,0,-0.5519371"
,level_007,,SwitchRegionTrigger_3to7_Point,"2182.6914,713.50189,30.01322","0.97629601,0,0,0.21643953"
,level_007,,SwitchRegionTrigger_4to1_Point,"3495.1663,3155.9304,132.37675","0.83867055,0,0,0.54463911"
,level_007,,CatHandCartPoint,"614.54547,3234.3835,28.653507","0.30070579,0,0,0.95371699"
407303;407302;407301;407202;407201;407002;407001;100746;100745;100744;100743;100734;100733;100723;100713;100704;100703;,level_007,,RandomPlayer_1a1,"1913.7573,2500.4871,24.4375","0.5807029,0,0,-0.81411564"
,level_007,,SwitchRegionTrigger_0to1_Point,"3446.0684,3135.9473,132.91037","0.98162717,0,0,-0.19080898"
,level_007,,SwitchRegionTrigger_2to0_Point,"606.30396,3205.9451,28.59375","1,0,0,0"
,level_007,,SwitchRegionTrigger_1to4_Point,"569.69324,1033.2229,30.140625","0.72537428,-0,0,-0.68835467"
,level_007,,SwitchRegionTrigger_6to7_Point,"2120.5508,685.8382,30.053797","0.7604059,-0,0,-0.6494481"
,level_007,,SwitchRegionTrigger_2to3_Point,"2029.6594,3096.8975,19.336803","0.70710683,0,0,-0.70710677"
,level_007,,SwitchRegionTrigger_6to5_Point,"318.63342,1437.6442,35.54808","0.42261833,0,0,0.90630776"
,level_007,,SwitchRegionTrigger_0to2_Point,"1907.6901,2507.0554,24.580095","0.66262001,0,0,-0.74895579"
,level_007,,MHPlayerSpawnPoint1,"606.08765,3218.552,28.59375","0.96126169,0,0,-0.27563739"
,level_007,,SwitchRegionTrigger_1to8_Point,"3528.7603,981.44891,32.693768","0.49242365,0,0,0.87035567"
407303;407302;407301;407202;407201;407002;407001;100746;100745;100744;100743;100734;100733;100723;100713;100704;100703;,level_007,,RandomPlayer_1a4,"2145.4707,701.26532,29.886478","0.87881726,0,0,0.47715852"
,level_007,,SwitchRegionTrigger_6to4_Point,"616.86804,1080.3597,30.165493","0.56640631,0,0,0.82412618"
,level_007,,SwitchRegionTrigger_7to6_Point,"1879.0603,842.07251,30.171875","0.98901588,0,0,-0.14780943"
,level_007,,SwitchRegionTrigger_8to7_Point,"2195.1387,765.53436,30.198792","0.30901706,0,0,0.95105648"
,level_007,,SwitchRegionTrigger_3to2_Point,"1951.4542,2503.3923,24.747448","0.58070302,0,0,0.81411546"
407303;407302;407301;407202;407201;407002;407001;100746;100745;100744;100743;100734;100733;100723;100713;100704;100703;,level_007,,RandomPlayer_1a5,"3505.1577,981.53326,32.65625","0.46174887,0,0,0.88701069"
,level_007,,SwitchRegionTrigger_5to6_Point,"1877.2169,907.78265,30.176376","-0.4848094,0,0,0.87461978"
,level_007,,SwitchRegionTrigger_1to0_Point,"615.59235,3236.8086,28.639097","0.52991927,0,0,0.84804809"
,level_007,,SwitchRegionTrigger_5to4_Point,"608.37775,1032.7722,30.23447","0.92387956,0,0,0.3826834"
,level_008,,MHPlayerSpawnPoint3-4,"1147.882,1244.6495,79.543854","0.70710683,0,0,0.70710677"
,level_008,,MHPlayerSpawnPoint7-8,"485.06607,3498.8787,287","0.98628557,0,0,-0.16504763"
,level_008,,MHPlayerSpawnPoint0-1,"2489.2251,3544.2151,17.299019","0.56640619,0,0,-0.82412624"
,level_008,,MHPlayerSpawnPoint8-6,"2640.5981,627.11621,317.5","0.88701087,0,0,0.46174857"
,level_008,,MHPlayerSpawnPoint2-4,"1094.1111,1271.1742,79.791992","0.77162451,0,0,-0.6360783"
408301;408202;408201;100834;100824;100823;100814;100813;100803;,level_008,,PlayerStartPointHard1,"2655.5859,3614.377,19.641134","0.71933985,0,0,0.69465834"
,level_008,,MHPlayerSpawnPoint5-7,"2466.9946,639.45642,317.50146","-0.34202,0,0,0.93969268"
,level_008,,CatHandCartPoint,"505.13879,424.00656,20.051041","0.78260809,0,0,0.62251472"
,level_008,,MHPlayerSpawnPoint7-6,"2565.7266,647.60229,317.62653","0.85716724,-0,0,-0.51503819"
408301;408202;408201;100834;100824;100823;100814;100813;100803;,level_008,,PlayerStartPointHard3,"1107.5265,1275.3137,79.47496","0.7986356,0,0,-0.60181493"
,level_008,,MHPlayerSpawnPoint1-0,"522.54468,467.46112,20.26432","7.0550335e-008,0,0,1"
,level_008,,PlayerStartPoint,"503.30881,409.42404,19.868452","0.99691737,0,0,-0.078459099"
,level_008,,MHPlayerSpawnPoint0-5,"1273.7045,1330.5682,61.513733","0.83388591,0,0,0.55193686"
,level_008,,MHPlayerSpawnPoint8-7,"2515.915,588.66534,318.34003","0.87035573,0,0,0.49242347"
,level_008,,MHPlayerSpawnPoint1-3,"1209.2148,1229.4641,63.304859","0.98162717,0,0,-0.19080897"
,level_008,,MHPlayerSpawnPoint6-8,"534.8418,3594.6455,287.35263","0.39073122,0,0,0.92050481"
,level_008,,MHPlayerSpawnPoint1-2,"2624.238,3581.8105,19.651024","0.9953962,0,0,-0.095845781"
,level_008,,MHPlayerSpawnPoint3-1,"2553.4028,3514.0271,17.284546","0.78260815,0,0,0.62251461"
,level_008,,MHPlayerSpawnPoint5-3,"1232.9473,1258.8831,63.234314","0.62932044,0,0,0.77714592"
408301;408202;408201;100834;100824;100823;100814;100813;100803;,level_008,,PlayerStartPointHard5,"2477.0837,638.54901,317.63272","-0.49242362,0,0,0.87035567"
,level_008,,MHPlayerSpawnPoint4-6,"2600.4824,695.40479,317.5","-0.01745226,0,0,0.99984771"
408301;408202;408201;100834;100824;100823;100814;100813;100803;,level_008,,PlayerStartPointHard4,"2569.8579,667.26691,317.75","0.71933985,0,0,-0.69465834"
,level_008,,MHPlayerSpawnPoint6-4,"1153.5872,1314.2859,79.107513","0.13052621,0,0,0.99144489"
,level_008,,MHPlayerSpawnPoint7-5,"1240.3018,1376.6505,61.477478","-0.095845632,0,0,0.9953962"
,level_008,,MHPlayerSpawnPoint4-2,"2594.7405,3640.8552,21.264706","0.54463905,0,0,-0.83867061"
,level_008,,PlayerRevivePoint,"507.70071,426.17459,19.960228","0.095845737,0,0,0.9953962"
,level_008,,MHPlayerSpawnPoint4-3,"1175.0977,1254.9373,63.234314","0.86602539,0,0,-0.50000006"
,level_008,,MHPlayerSpawnPoint6-7,"2529.9363,632.79602,317.62653","0.58778536,0,0,0.80901688"
,level_008,,MHPlayerSpawnPoint5-0,"537.38647,452.00317,24.168484","0.60876143,0,0,0.79335332"
,level_008,,MHPlayerSpawnPoint3-5,"1247.6968,1289.1908,61.543205","0.99254614,0,0,0.12186923"
,level_008,,MHPlayerSpawnPoint2-1,"2553.8984,3539.304,17.19326","0.63607824,0,0,0.77162451"
408301;408202;408201;100834;100824;100823;100814;100813;100803;,level_008,,PlayerStartPointHard2,"1209.8091,1241.2393,63.39518","0.99691737,0,0,-0.078459099"
,level_009,,MHPlayerSpawnPoint2,"2549.3364,3085.8457,54.111618","0.052335739,0,0,0.99862957"
,level_009,,MHPlayerSpawnPoint1,"2554.0999,3128.6318,56.062866","-0.10452829,0,0,0.99452192"
,level_009,,MHPlayerSpawnPoint3,"2540.1321,3101.2458,53.648315","0.052335739,0,0,0.99862957"
,level_009,,MHPlayerSpawnPoint4,"2554.0173,3110.1492,53.648315","0.052335739,0,0,0.99862957"
,level_009,,MHPlayerSpawnPoint5,"2561.5623,3099.1848,53.648315","0.052335739,0,0,0.99862957"
,level_009,,RegionSwtich_0_to_1_Point,"2503.9983,2429.6045,53.931526","0.35836786,0,0,0.93358046"
,level_010,,MHPlayerSpawnPoint3-6,"3353.51,1913.1814,33.564491","-0.26723832,0,0,0.9636305"
,level_010,,MHPlayerSpawnPoint6-3,"2720.8845,2587.3789,35.353653","0.34202018,0,0,0.93969262"
,level_010,,MHPlayerSpawnPoint7-5,"2413.4768,2046.5961,134.74924","0.55193692,0,0,-0.83388591"
410301;410034;410006;410001;101044;101034;101025;101024;101023;101014;101013;101004;101003;,level_010,,MHPlayerSpawnPoint6,"3360.9016,1914.0082,33.575565","-0.087155849,0,0,0.99619472"
410301;410034;410006;410001;101044;101034;101025;101024;101023;101014;101013;101004;101003;,level_010,,MHPlayerSpawnPoint7,"2112.0127,1658.2529,28.934128","-0.41469339,0,0,0.90996122"
,level_010,,MHPlayerSpawnPoint9-8,"1177.851,1318.545,51.93943","0.70710689,0,0,0.70710665"
410301;410034;410006;410001;101044;101034;101025;101024;101023;101014;101013;101004;101003;,level_010,,MHPlayerSpawnPoint3,"2692.2292,2578.0515,38.381176","0.6156615,0,0,-0.78801072"
,level_010,,MHPlayerSpawnPoint2-6,"3378.4502,1905.5786,32.961807","0.23344544,0,0,0.97236991"
,level_010,,MHPlayerSpawnPointC-1,"2181.0688,3703.2764,120.65295","0.8571673,0,0,-0.51503807"
,level_010,,CathandcartPoint,"249.73962,3896.5913,81.610992","0.42261824,0,0,0.90630782"
,level_010,,MHPlayerSpawnPoint,"245.91862,3895.0256,81.841415","0.78260815,0,0,-0.62251461"
,level_010,,MHPlayerSpawnPoint3-1,"2231.2717,3698.8687,115.90163","0.90258533,0,0,0.43051103"
,level_010,,MHPlayerSpawnPoint2-3,"2678.8442,2581.6675,38.610146","-0.49242347,0,0,0.87035573"
410301;410034;410006;410001;101044;101034;101025;101024;101023;101014;101013;101004;101003;,level_010,,MHPlayerSpawnPoint9,"2759.5439,1116.2871,53.852722","0.87035573,0,0,-0.49242347"
,level_010,,MHPlayerSpawnPoint3-5,"2485.2375,2051.978,135","0.49242362,0,0,0.87035567"
,level_010,,MHPlayerSpawnPoint9-10,"2775.5818,1571.0239,85.25","0.66913068,0,0,-0.74314481"
,level_010,,MHPlayerSpawnPoint1-3,"2681.7646,2578.5305,39.607563","0.68199831,0,0,-0.73135376"
,level_010,,MHPlayerSpawnPoint6-9,"2778.8521,1185.6764,53.78125","-0.095845625,0,0,0.9953962"
,level_010,,MHPlayerSpawnPoint6-7,"2171.1902,1649.2927,28.805256","0.59482288,0,0,0.80385679"
410301;410034;410006;410001;101044;101034;101025;101024;101023;101014;101013;101004;101003;,level_010,,MHPlayerSpawnPoint1,"2224.5466,3714.5295,116.65334","-0.43051112,0,0,0.90258527"
410301;410034;410006;410001;101044;101034;101025;101024;101023;101014;101013;101004;101003;,level_010,,MHPlayerSpawnPoint8,"1120.7307,1299.2544,52.34375","0.78260821,0,0,-0.62251455"
,level_010,,MHPlayerSpawnPoint3-4,"2725.5715,2431.998,43.265411","-0.13917299,0,0,0.99026811"
,level_010,,MHPlayerSpawnPoint5-7,"2106.5107,1658.261,28.99852","-0.4617486,0,0,0.88701081"
410301;410034;410006;410001;101044;101034;101025;101024;101023;101014;101013;101004;101003;,level_010,,MHPlayerSpawnPoint2,"3333.0637,3832.876,41.898392","0.6156615,0,0,-0.78801072"
,level_010,,MHPlayerSpawnPoint5-8,"1168.5491,1343.6365,52.712761","0.24192198,0,0,0.97029573"
,level_010,,MHPlayerSpawnPoint4-3,"2709.376,2568.5049,37.89563","0.9876883,0,0,-0.15643457"
,level_010,,MHPlayerSpawnPoint8-C,"247.16151,3883.4294,80.912598","0.99452192,0,0,-0.10452852"
,level_010,,MHPlayerSpawnPoint6-2,"3401.9302,3825.6016,42.050121","0.86602545,0,0,0.49999994"
,level_010,,MHPlayerSpawnPoint1-C,"253.07257,3903.0325,80.930931","0.36650127,0,0,0.93041754"
410301;410034;410006;410001;101044;101034;101025;101024;101023;101014;101013;101004;101003;,level_010,,MHPlayerSpawnPoint5,"2477.4978,2051.8228,135.125","0.57357633,0,0,0.81915212"
,level_010,,MHPlayerSpawnPoint2-1,"2234.448,3712.844,117.14568","0.6360783,0,0,0.77162451"
,level_010,,MHPlayerSpawnPoint10-7,"2158.0923,1636.8884,28.969288","0.83388585,0,0,0.55193698"
,level_010,,MHPlayerSpawnPointC-8,"1114.5869,1326.8447,52.34375","-0.39874899,0,0,0.91706014"
,level_010,,MHPlayerSpawnPoint10-9,"2809.8091,1153.9812,53.488918","0.49242362,0,0,0.87035567"
,level_010,,MHPlayerSpawnPoint5-3,"2731.6191,2573.9678,37.531502","0.68835461,0,0,0.72537434"
,level_010,,MHPlayerSpawnPoint9-6,"3379.8608,1868.2749,32.293892","0.90630782,0,0,0.42261821"
,level_010,,MHPlayerSpawnPoint1-2,"3319.3567,3841.2246,41.456486","-0.40673655,0,0,0.91354549"
,level_010,,MHPlayerSpawnPoint7-6,"3356.9604,1868.4163,30.900726","0.96126169,0,0,-0.27563742"
,level_010,,MHPlayerSpawnPoint3-2,"3320.5576,3813.3928,41.65625","0.95105654,0,0,-0.309017"
,level_010,,MHPlayerSpawnPoint8-5,"2391.6328,2064.4214,134.74924","0.55193692,0,0,-0.83388591"
,level_010,,MHPlayerSpawnPoint8-9,"2748.9031,1112.5496,53.971882","0.78801072,0,0,-0.6156615"
,level_010_nb4,,CatHandCartPoint,"1493.6996,1120.4335,83.212906","0.73135346,0,0,0.68199867"
,level_010_nb4,,MHPlayerSpawnPoint,"1493.9161,1119.0875,82.919632","0.7313537,0,0,0.68199843"
,level_010_nb4,,MHPlayerSpawnPointC-1,"622.37811,1406.609,48.379013","0.99996191,0,0,0.008726432"
,level_010_nb4,,MHPlayerSpawnPoint1-C,"1479.8047,1128.7474,82.868408","-0.38268334,0,0,0.92387956"
411202;411201;411003;101136;101135;101134;101124;101113;101105;101104;101103;,level_011,,Player_Random_R1,"1366.0953,780.47638,55.43404","0.92718387,0,0,-0.37460658"
,level_011,,SwitchRegionPoint_7to3,"1170.5824,910.26294,61.084839","0.39874902,0,0,0.91706008"
,level_011,,SwitchRegionPoint_4to7,"1207.0898,985.36938,61.2687","-0.017452352,0,0,0.99984771"
,level_011,,SwitchRegionPoint_7to2,"1291.9204,953.77368,57.932915","0.53729957,0,0,-0.84339148"
,level_011,,CatHandCartPoint,"1366.9653,726.0744,41.35907","-0.37460676,0,0,0.92718381"
,level_011,,SwitchRegionPoint_3to5,"1025.3099,965.13458,60.813885","0.95881975,0,0,0.28401536"
,level_011,,SwitchRegionPoint_3to6,"875.68842,917.14496,74.938004","0.99862951,0,0,0.052335959"
,level_011,,SwitchRegionPoint_3to7,"1192.8405,947.91437,61.236008","0.99862951,0,0,-0.052336022"
,level_011,,SwitchRegionPoint_1to2,"1338.9457,877.08508,57.8125","1,0,0,0"
,level_011,,SwitchRegionPoint_2to7,"1233.0382,982.0318,61.272987","0.50753838,0,0,0.86162913"
411202;411201;411003;101136;101135;101134;101124;101113;101105;101104;101103;,level_011,,Player_Random_R5,"1025.4565,984.48669,61.244503","0.052335951,0,0,0.99862951"
,level_011,,SwitchRegionPoint_3to4,"1203.9386,1030.744,77.494293","1,0,0,0"
,level_011,,SwitchRegionPoint_5to3,"1111.3949,892.2439,61.03125","0.70090926,0,0,-0.71325046"
,level_011,,SwitchRegionPoint_6to3,"1114.2837,874.25555,61.144825","0.99619472,0,0,-0.087155752"
,level_011,,SwitchRegionPoint_3to0,"1313.3063,711.38196,47.631546","0.71325046,0,0,-0.70090926"
,level_011,,SwitchRegionPoint_1to0,"1329.7574,739.7699,49.236275","0.17364824,0,0,0.98480773"
411202;411201;411003;101136;101135;101134;101124;101113;101105;101104;101103;,level_011,,Player_Random_R4,"1185.427,1053.1218,77.341118","0.052335951,0,0,0.99862951"
,level_011,,SwitchRegionPoint_0to3,"1147.1732,886.6524,61.090183","0.98325491,0,0,0.18223555"
,level_011,,SwitchRegionPoint_2to1,"1354.4471,819.36707,55.545544","-0.42261824,0,0,0.90630782"
,level_011,,LevelSpawnPoint,"1378.9684,713.39648,41.442715","0.92718387,0,0,0.37460661"
,level_011,,SwitchRegionPoint_5to8,"897.09399,941.87793,63.728283","0.44619778,0,0,0.89493442"
,level_011,,CatHandcartPoint1,"1366.83,725.45001,41.580002","-0.37436387,-0,0,0.92728186"
,level_011,,SwitchRegionPoint_8to5,"968.6687,990.16541,61.851246","0.82412624,0,0,-0.56640619"
411202;411201;411003;101136;101135;101134;101124;101113;101105;101104;101103;,level_011,,Player_Random_R2,"1325.1653,903.19067,57.623726","0.92718387,0,0,-0.37460658"
411202;411201;411003;101136;101135;101134;101124;101113;101105;101104;101103;,level_011,,Player_Random_R3,"1128.5985,894.64685,61.056061","0.98162717,0,0,0.19080901"
,level_011,,SwitchRegionPoint_0to1,"1363.3438,777.31323,55.546104","0.9335804,0,0,-0.35836795"
,level_012,,PlayerRegionSwitch_R1,"2039.7836,3263.9399,35.230762","0.58778536,0,0,-0.80901688"
,level_012,,PlayerRegionSwitch_R0_1,"603.99329,2128.6616,61.919899","9.1214012e-008,0,0,1"
,level_012,,PlayerRegionSwitch_R0_2,"612.71228,2123.4248,62.0215","0.70090932,0,0,0.7132504"
,level_012,,PlayerRegionSwitch_R3,"1863.3838,693.88782,504.3345","0.99965733,0,0,-0.026177047"
,level_012,,PlayerRegionSwitch_R2,"2330.5354,1994.5239,130.23866","0.72537434,0,0,-0.68835461"
,level_012,,MHPlayerSpawnPoint_Start,"573.84808,2122.9619,61.9081","0.7132504,0,0,-0.70090932"
,level_012,,PlayerRegionSwitch_R0_3,"603.85419,2116.4368,61.962337","1,0,0,-6.569617e-008"
,level_012,,PlayerRegionSwitch_R2_2,"2435.3149,1863.9529,129.24608","0.95881975,0,0,-0.28401533"
,level_012,,MHPlayerSpawnPoint_Review,"569.78424,2123.0339,61.979137","0.71325034,0,0,-0.70090938"
,level_012,,PlayerRegionSwitch_R2_3,"1866.3032,807.14569,479.59634","0.026176991,0,0,0.99965733"
,level_012_02,,MHPlayerSpawnPoint4,"325.09698,1053.8976,156.19481","-0.4146933,0,0,0.90996128"
,level_012_02,,MHPlayerSpawnPoint13,"321.86829,975.48297,155.78426","0.90258533,0,0,0.43051106"
,level_012_02,,MHPlayerSpawnPoint12,"341.50055,1020.1368,156.29642","0.74314481,0,0,0.66913062"
,level_012_02,,MHPlayerSpawnPoint14,"1602.8939,1664.4445,142.5","-4.3711388e-008,0,0,1"
,level_012_02,,MHPlayerSpawnPoint9,"999.46265,974.2677,117.81969","0.84804809,0,0,0.52991927"
,level_012_02,,MHPlayerSpawnPoint1,"1681.2958,346.80392,205.375","0.96126169,0,0,0.27563742"
,level_012_02,,MHPlayerSpawnPoint1_random,"1000.2012,341.11377,125.19296","0.82903749,0,0,0.55919302"
,level_012_02,,MHPlayerSpawnPoint5,"320.66428,297.08063,358","0.017452389,0,0,0.99984771"
,level_012_02,,MHPlayerSpawnPoint8,"313.99857,232.07149,358.00623","0.48480961,0,0,0.87461972"
,level_012_02,,MHPlayerSpawnPoint3_random,"1484.0142,885.45129,320.75","0.97992474,-0,0,-0.19936784"
,level_012_02,,MHPlayerSpawnPoint16,"1409.6608,953.66937,321.33481","-0.32556808,0,0,0.94551861"
,level_012_02,,MHPlayerSpawnPoint2_random,"302.09982,271.37076,358","0.18223546,0,0,0.98325491"
,level_012_02,,MHPlayerSpawnPoint10,"281.54102,203.03264,357.80954","0.90630776,0,0,-0.42261836"
,level_012_02,,MHPlayerSpawnPoint5_random,"963.78613,984.84521,117.57791","0.7547096,0,0,-0.65605897"
,level_012_02,,MHPlayerSpawnPoint7,"1419.4675,892.89319,320.746","0.87881714,0,0,-0.47715876"
,level_012_02,,MHPlayerSpawnPoint6_random,"322.58368,1010.0844,156","0.24192192,0,0,0.97029573"
,level_012_02,,MHPlayerSpawnPoint18,"982.5401,365.91705,124.625","-0.043619413,0,0,0.99904823"
,level_012_02,,MHPlayerSpawnPoint7_random,"1632.606,1629.8833,142.625","0.8571673,0,0,0.51503807"
,level_012_02,,MHPlayerSpawnPoint15,"1578.2771,1610.1555,142.73795","0.96814764,0,0,-0.25038001"
,level_012_02,,MHPlayerSpawnPoint4_random,"1461.259,952.21826,320.75","0.75470954,0,0,0.65605909"
,level_012_02,,MHPlayerSpawnPoint11,"991.81616,1007.6465,117.5779","0.35836789,0,0,0.93358046"
,level_012_02,,MHPlayerSpawnPoint6,"1012.1287,326.27081,127.09091","0.90630776,0,0,0.42261833"
,level_012_02,,MHPlayerSpawnPoint2,"991.28113,298.02991,124.59054","0.99026805,0,0,-0.13917311"
,level_012_02,,MHPlayerSpawnPoint17,"1461.8577,834.8266,320.75","1,0,0,0"
,level_012_02,,MHPlayerSpawnPoint3,"1665.2522,367.1514,204.25","-0.052335974,0,0,0.99862951"
,level_014,,SRT_7_To_4_Point,"821.53857,885.27704,357.75482","5.1955602e-008,0,0,1"
,level_014,,SRT_8_To_7_Point,"1173.0292,1630.2009,353.94766","0.71933979,0,0,0.6946584"
414103;414102;414101;414025;414024;414023;414022;414021;414020;414019;414018;414017;414016;414015;414014;414013;414012;414011;414010;414009;414008;414007;414006;414005;414004;414003;414002;414001;101423;101413;101403;,level_014,,RandomPoint_3,"1565.5427,375.63123,357.5","0.66913074,0,0,-0.74314469"
414103;414102;414101;414025;414024;414023;414022;414021;414020;414019;414018;414017;414016;414015;414014;414013;414012;414011;414010;414009;414008;414007;414006;414005;414004;414003;414002;414001;101423;101413;101403;,level_014,,RandomPoint_1,"267.33936,373.9949,340.75","0.92050493,0,0,-0.39073101"
,level_014,,SRT_9_To_8_Point,"1921.4933,1350.787,354.51642","0.23344541,0,0,0.97236991"
,level_014,,SRT_2_To_6_Point,"340.0668,1741.0833,344.40613","0.94832367,0,0,-0.31730458"
414103;414102;414101;414025;414024;414023;414022;414021;414020;414019;414018;414017;414016;414015;414014;414013;414012;414011;414010;414009;414008;414007;414006;414005;414004;414003;414002;414001;101423;101413;101403;,level_014,,RandomPoint_2,"321.35022,1102.7119,382","0.66913074,0,0,-0.74314469"
414103;414102;414101;414025;414024;414023;414022;414021;414020;414019;414018;414017;414016;414015;414014;414013;414012;414011;414010;414009;414008;414007;414006;414005;414004;414003;414002;414001;101423;101413;101403;,level_014,,RandomPoint_9,"1031.7861,1992.4001,383.5","0.68835443,0,0,0.72537452"
414103;414102;414101;414025;414024;414023;414022;414021;414020;414019;414018;414017;414016;414015;414014;414013;414012;414011;414010;414009;414008;414007;414006;414005;414004;414003;414002;414001;101423;101413;101403;,level_014,,RandomPoint_7,"1160.9297,1622.1692,353.63943","0.60181499,0,0,0.7986356"
,level_014,,SRT_2_To_4_Point,"805.77625,851.31403,357.75482","0.66913056,0,0,-0.74314493"
,level_014,,SRT_6_To_9_Point,"1008.8802,1983.9374,384.11847","0.97992474,0,0,-0.19936779"
414103;414102;414101;414025;414024;414023;414022;414021;414020;414019;414018;414017;414016;414015;414014;414013;414012;414011;414010;414009;414008;414007;414006;414005;414004;414003;414002;414001;101423;101413;101403;,level_014,,RandomPoint_6,"362.90903,1757.7708,344.43915","0.84804809,0,0,0.52991927"
,level_014,,SRT_1_To_3_Point,"1556.0348,375.95264,357.25","0.84339136,0,0,-0.53729975"
,level_014,,CatHandCartPoint,"1179.6953,138.8623,30.725471","0.91354537,0,0,0.40673682"
,level_014,,SRT_4_To_1_Point,"299.05936,401.34818,342.49374","0.34202018,0,0,0.93969262"
,level_014,,SRT_1_To_2_Point,"356.55762,1106.2799,382.25","0.74895573,0,0,0.66262001"
,level_014,,SRT_3_To_4_Point,"878.19055,831.07458,358","0.82903761,0,0,0.5591929"
,level_014,,SRT_0_To_1_Point,"262.16159,374.27979,341.00128","0.98162723,0,0,-0.19080892"
,level_014,,SRT_6_To_5_Point,"95.379738,976.71466,165.45062","0.22495103,0,0,0.97437012"
,level_014,,SRT_2_To_5_Point,"102.01328,928.65515,164.77068","0.95371699,0,0,0.3007057"
414103;414102;414101;414025;414024;414023;414022;414021;414020;414019;414018;414017;414016;414015;414014;414013;414012;414011;414010;414009;414008;414007;414006;414005;414004;414003;414002;414001;101423;101413;101403;,level_014,,RandomPoint_5,"81.057304,972.87122,164.75894","0.64278775,0,0,-0.76604432"
414103;414102;414101;414025;414024;414023;414022;414021;414020;414019;414018;414017;414016;414015;414014;414013;414012;414011;414010;414009;414008;414007;414006;414005;414004;414003;414002;414001;101423;101413;101403;,level_014,,RandomPoint_8,"1886.7432,1304.462,354.38943","0.71933997,0,0,-0.69465816"
,level_014,,SRT_1_To_0_Point,"1163.781,169.2314,31.938309","0.069756523,0,0,0.99756402"
,level_014,,SRT_2_To_1_Point,"266.42096,406.55765,340.69739","-0.078459062,0,0,0.99691731"
,level_014,,SRT_8_To_3_Point,"1612.2778,416.19888,357.27487","0.2079117,0,0,0.97814757"
,level_014,,SRT_7_To_8_Point,"1894.5328,1335.5139,354.45016","-0.40673652,0,0,0.91354549"
,level_014,,SRT_9_To_6_Point,"385.74359,1810.4082,344.88364","0.42261821,0,0,0.90630782"
,level_014,,SRT_8_To_9_Point,"1046.2913,1986.5975,383.88605","0.83388597,0,0,0.55193681"
,level_014,,MHPlayerSpawnPoint1,"1179.4321,139.14043,30.869602","0.84339142,0,0,0.53729969"
,level_014,,SRT_5_To_6_Point,"325.00235,1762.6641,344.40613","0.68199837,0,0,-0.7313537"
,level_014,,SRT_4_To_2_Point,"344.46191,1119.499,382.40295","0.19936807,0,0,0.97992468"
414103;414102;414101;414025;414024;414023;414022;414021;414020;414019;414018;414017;414016;414015;414014;414013;414012;414011;414010;414009;414008;414007;414006;414005;414004;414003;414002;414001;101423;101413;101403;,level_014,,RandomPoint_4,"837.34106,830.75116,357.83862","0.99904823,0,0,0.043619592"
,level_014,,SRT_4_To_3_Point,"1570.0758,433.383,357.25","-0.33380687,0,0,0.9426415"
,level_014,,SRT_5_To_2_Point,"308.62683,1107.3679,382.07764","0.68835455,0,0,-0.72537434"
,level_014,,SRT_7_To_6_Point,"370.60547,1750.4844,344.4061","0.88701087,0,0,0.4617486"
,level_014,,SRT_3_To_8_Point,"1905.0359,1261.864,354.38647","0.98628563,0,0,0.16504759"
,level_014,,SRT_4_To_7_Point,"1156.3607,1591.5533,353.81027","0.96126169,0,0,0.27563736"
,level_014,,SRT_3_To_1_Point,"303.46353,393.47278,342.34344","0.71325046,0,0,0.70090926"
,level_014,,SRT_1_To_4_Point,"836.70074,803.14551,358","1,0,0,-4.9568705e-008"
,level_014,,SRT_6_To_2_Point,"308.94339,1117.2219,382.25","-0.42261821,0,0,0.90630782"
,level_014,,SRT_6_To_7_Point,"1126.2087,1649.252,353.62967","-0.4924235,0,0,0.87035573"
,level_014_nb4,,PlayerRevivePoint,"41.859592,881.02905,472.83069","0.92050487,0,0,0.39073119"
,level_014_nb4,,PlayerSpawner,"41.892548,880.92603,472.80649","0.92050487,0,0,0.39073119"
,level_014_nb4,,RegionSwitch_0_to_1_Point,"496.42847,527.29871,250.55547","-0.043619473,0,0,0.99904817"
,level_014_nb4story,,PlayerRevivePoint,"41.859592,881.02905,472.70465","0.92050487,0,0,0.39073119"
,level_014_nb4story,,PlayerSpawner,"41.892548,880.92603,472.70465","0.92050487,0,0,0.39073119"
,level_014_nb4story,,RegionSwitch_0_to_1_Point,"496.42847,527.29871,250.5","-0.043619473,0,0,0.99904817"
,level_014_nb4story,,RegionSwitch_1_to_0_Point,"36.517998,901.08026,473","0.23344533,0,0,0.97236991"
415301;415202;415201;415005;415004;415003;415002;415001;,level_015,,MHPlayerSpawnPoint_R5,"926.18866,1307.7006,457.19861","0.62251514,0,0,0.78260779"
,level_015,,MHPlayerSpawnPoint6-9,"1193.0073,1606.578,525.74384","0.56640601,0,0,0.82412636"
415301;415202;415201;415005;415004;415003;415002;415001;,level_015,,MHPlayerSpawnPoint_R2,"107.41082,938.33838,211.37848","0.95371675,0,0,-0.30070633"
,level_015,,MHPlayerSpawnPoint5-8,"1350.7979,905.10852,515.5946","0.72537434,0,0,-0.68835455"
,level_015,,MHPlayerSpawnPoint7-5,"933.70459,1313.1095,525.81824","0.58778507,0,0,0.80901712"
415301;415202;415201;415005;415004;415003;415002;415001;,level_015,,MHPlayerSpawnPoint_R1,"686.78259,245.22668,245.71588","0.95371675,0,0,-0.30070633"
,level_015,,MHPlayerSpawnPoint9-5,"910.71326,1327.3141,525.83612","0.0087259756,0,0,0.99996191"
,level_015,,MHPlayerSpawnPoint1-2,"106.72491,937.46448,211.45889","0.95630461,0,0,-0.29237214"
,level_015,,MHPlayerSpawnPoint5-7,"894.41815,1512.9058,389.84393","0.98768836,0,0,-0.15643427"
,level_015,,MHPlayerSpawnPoint,"137.96918,178.59821,410.14468","0.95371675,0,0,-0.30070633"
415301;415202;415201;415005;415004;415003;415002;415001;,level_015,,MHPlayerSpawnPoint_R9,"1189.9396,1598.6573,525.56415","0.76604462,0,0,0.6427874"
,level_015,,MHPlayerSpawnPoint5-8_2,"1373.0023,913.04266,515.65106","0.45399049,0,0,0.89100653"
,level_015,,MHPlayerSpawnPoint4-3,"347.93939,1162.1459,178.18198","0.36650121,0,0,0.9304176"
,level_015,,MHPlayerSpawnPoint5-9_2,"1169.1139,1580.3602,525.72125","0.99813479,0,0,-0.061048351"
,level_015,,MHPlayerSpawnPoint9-5_2,"884.44446,1304.8689,457.31729","0.68835503,0,0,-0.72537392"
,level_015,,MHPlayerSpawnPoint2-1,"699.00018,264.23166,241.71565","0.3502073,0,0,0.93667221"
,level_015,,MHPlayerSpawnPointC-1,"686.20233,243.76006,246.71823","0.95630479,0,0,-0.29237163"
,level_015,,MHPlayerSpawnPoint3-2,"160.50575,988.54413,211.46266","0.40673652,0,0,0.91354549"
,level_015,,MHPlayerSpawnPoint7-4,"613.06793,1219.4846,294.33527","-0.026177021,0,0,0.99965733"
,level_015,,MHPlayerRespawnPoint,"136.68013,176.77271,410.10822","0.94551855,0,0,-0.32556817"
,level_015,,MHPlayerSpawnPoint1-C,"146.77864,195.97108,408.84293","0.38268352,0,0,0.9238795"
415301;415202;415201;415005;415004;415003;415002;415001;,level_015,,MHPlayerSpawnPoint_R3,"334.23663,1144.5494,178.09569","0.91705984,0,0,-0.39874968"
,level_015,,MHPlayerSpawnPoint9-6,"516.69177,1641.6665,623.36438","-0.0087267281,0,0,0.99996191"
415301;415202;415201;415005;415004;415003;415002;415001;,level_015,,MHPlayerSpawnPoint_R4,"600.3515,1201.266,294.25137","0.70710629,0,0,-0.70710725"
,level_015,,MHPlayerSpawnPoint4-7,"926.18848,1516.3107,389.47943","0.99452192,0,0,0.10452848"
,level_015,,MHPlayerSpawnPoint8-5_2,"927.26538,1287.385,527.9859","0.97029567,0,0,0.24192201"
,level_015,,MHPlayerSpawnPoint8-5,"910.09918,1282.1042,457.44412","0.99996191,0,0,0.0087265195"
,level_015,,MHPlayerSpawnPoint2-3,"332.55264,1144.3567,178.10907","0.92050481,0,0,-0.39073125"
,level_015,,MHPlayerSpawnPoint3-4,"603.36383,1201.6254,294.28622","0.6946581,0,0,-0.71934015"
,level_015,,MHPlayerSpawnPoint5-9,"1190.9431,1598.3053,525.62762","0.82903725,0,0,0.55919343"
,level_015,,MHPlayerSpawnPoint4-5,"922.72913,1308.6855,457.56476","0.60876167,0,0,0.7933532"
415301;415202;415201;415005;415004;415003;415002;415001;,level_015,,MHPlayerSpawnPoint_R7,"897.29321,1564.3634,389.43265","-0.19936742,0,0,0.9799248"
,level_015,,MHPlayerSpawnPoint5-4,"638.51099,1201.3804,294.29782","0.71933979,0,0,0.6946584"
415301;415202;415201;415005;415004;415003;415002;415001;,level_015,,MHPlayerSpawnPoint_R8,"1347.6007,906.75903,515.55334","0.55919242,0,0,-0.82903796"
,level_015_raid,,MHPlayerSpawnPoint4-2U,"910.00604,1327.5397,526","0.095845625,0,0,0.9953962"
,level_015_raid,,MHPlayerSpawnPoint5-4,"1203.0952,1607.8004,525.69208","0.73135352,0,0,0.68199855"
,level_015_raid,,MHPlayerSpawnPoint2B-4,"1170.4237,1579.153,525.72247","0.99144483,0,0,-0.13052671"
,level_015_raid,,MHPlayerSpawnPoint4-5,"516.54468,1648.7456,622.99994","-0.19936836,0,0,0.97992462"
,level_015_raid,,MHPlayerSpawnPoint,"340.13455,1157.3185,178.1105","0.87035525,0,0,-0.49242431"
,level_015_raid,,MHPlayerSpawnPoint2B-1,"639.41223,1200.8695,294.25137","0.70090973,0,0,0.71325004"
,level_015_raid,,MHPlayerSpawnPoint1-C,"350.66486,1163.4387,178.18198","0.36650121,0,0,0.9304176"
,level_015_raid,,MHPlayerSpawnPoint4-2B,"885.71997,1304.9274,457.19861","0.70090926,0,0,-0.71325046"
,level_015_raid,,MHPlayerSpawnPoint2U-3,"1375.4336,919.17468,515.82349","0.28401512,0,0,0.95881981"
,level_015_raid,,MHPlayerRespawnPoint,"345.20395,1159.1885,178.1284","0.77714598,0,0,-0.62932038"
,level_015_raid,,MHPlayerSpawnPoint2U-4,"1191.423,1596.9425,525.72485","0.99452192,0,0,-0.10452825"
,level_015_raid,,MHPlayerSpawnPoint5-2B,"901.16229,1301.2677,457.71411","0.71933979,0,0,0.6946584"
,level_015_raid,,MHPlayerSpawnPoint3-2U,"929.26685,1288.3433,528","0.94832355,0,0,0.31730506"
,level_015_raid,,MHPlayerSpawnPointC-1,"601.70612,1201.3044,294.2486","0.70710629,0,0,-0.70710725"
,level_015_raid,,MHPlayerSpawnPoint1-2B,"925.70306,1308.9156,457.71411","0.59482336,0,0,0.80385643"
,level_015_raid,,MHPlayerSpawnPoint2B-3,"1347.0354,905.46216,515.55475","0.73727709,0,0,-0.67559052"
,level_015_raid,,MHPlayerSpawnPoint3-2B,"909.60907,1280.4451,457.19861","0.99996191,0,0,0.0087265978"
,level_016,,MHPlayerRevivePoint,"3696.5762,714.19012,51.862938","0.48480961,0,0,0.87461972"
416101;416001;,level_016,,MHPlayerSpawnPoint_R10,"1612.3374,4568.6621,23.518179","0.98628557,0,0,0.16504769"
416101;416001;,level_016,,MHPlayerSpawnPoint_R1,"6598.6353,3868.9182,164.875","1,0,0,0"
,level_016,,MHPlayerSpawnPoint10_8,"2028.8367,2440.3979,16.260639","0.1132035,0,0,0.99357182"
,level_016,,MHPlayerSpawnPoint0_1,"5978.9351,1252.8861,93.548264","0.76604438,0,0,-0.64278769"
416101;416001;,level_016,,MHPlayerSpawnPoint_R4,"4616.5747,5546.6401,102.77249","0.51503807,0,0,-0.8571673"
,level_016,,MHPlayerSpawnPoint9_8,"2066.3469,2418.7476,14.413926","0.37460676,0,0,0.92718381"
,level_016,,MHPlayerSpawnPoint5_4,"4651.0562,5542.1626,102.75","0.83867091,0,0,0.54463851"
,level_016,,MHPlayerSpawnPoint2_1,"6007.6924,1317.328,88.594231","0.17364858,0,0,0.98480767"
,level_016,,MHPlayerSpawnPoint3_4,"4629.0684,5579.7949,102.6607","0.374607,0,0,0.92718369"
,level_016,,MHPlayerSpawnPoint10_3,"6753.0796,6265.8032,114.54249","0.75470924,0,0,-0.65605938"
,level_016,,MHPlayerSpawnPoint6_2,"6593.5815,3885.7341,164.875","0.85263979,0,0,-0.5224992"
416101;416001;,level_016,,MHPlayerSpawnPoint_R9,"2666.3757,3846.0625,35.02832","0.2419218,0,0,0.97029573"
,level_016,,MHPlayerSpawnPoint1_0,"3714.448,713.60699,51.828888","0.70090914,0,0,0.71325058"
,level_016,,MHPlayerSpawnPoint10_11,"1285.6688,5918.2231,20.427898","0.99939084,0,0,-0.034899618"
,level_016,,MHPlayerSpawnPoint11_12,"2133.1399,6917.874,41.081898","0.62932026,0,0,-0.77714604"
,level_016,,MHPlayerSpawnPoint2_3,"6820.3135,6183.3301,114.47462","0.99939078,0,0,-0.03490011"
,level_016,,MHPlayerSpawnPoint12_11,"1288.0375,5942.0547,20.350496","0.17364819,0,0,0.98480773"
,level_016,,MHPlayerSpawnPoint3_2,"6605.9624,3922.821,164.78796","0.19936852,0,0,0.97992456"
,level_016,,MHPlayerSpawnPoint,"3698.5789,718.41364,51.725666","0.62932038,0,0,-0.77714598"
,level_016,,MHPlayerSpawnPoint11_10,"1584.1918,4605.2227,23.105194","-0.26723808,0,0,0.96363056"
,level_016,,MHPlayerSpawnPoint2_6,"4004.1489,2120.1084,96.791054","0.78801113,0,0,0.61566097"
,level_016,,MHPlayerSpawnPoint4_3,"6806.7676,6226.0044,114.5657","0.91354525,0,0,-0.40673712"
,level_016,,MHPlayerSpawnPoint5_6,"3980.5771,2161.8079,127.85431","-0.2756367,0,0,0.96126193"
416101;416001;,level_016,,MHPlayerSpawnPoint_R3,"6829.4155,6207.8887,114.61973","0.91354543,0,0,0.40673667"
,level_016,,MHPlayerSpawnPoint4_5,"4247.0923,3665.0691,11.392271","0.19936877,0,0,0.97992456"
,level_016,,MHPlayerSpawnPoint6_5,"4207.0322,3627.4863,11.411131","0.89493406,0,0,-0.4461984"
,level_016,,MHPlayerSpawnPoint7_8,"2029.6926,2393.1748,16.783981","0.9953962,0,0,-0.095845856"
,level_016,,MHPlayerSpawnPoint1_2,"6587.6577,3858.7686,164.86656","0.90630752,0,0,-0.42261884"
,level_016,,MHPlayerSpawnPoint8_1,"5985.4146,1287.3483,87.0597","0.7009089,0,0,-0.71325082"
,level_016,,MHPlayerSpawnPoint1_8,"2067.2883,2391.759,14.28681","0.90630788,0,0,0.42261809"
,level_016,,MHPlayerSpawnPoint8_10,"1613.5238,4563.1841,23.421591","0.99984771,0,0,-0.0174527"
,level_016,,MHPlayerSpawnPoint8_9,"2645.5237,3759.0908,35.008423","0.97992468,0,0,-0.19936812"
,level_016,,MHPlayerSpawnPoint3_9,"2675.0103,3846.271,35.111282","0.37460676,0,0,0.92718381"
,level_016,,MHPlayerSpawnPoint8_7,"1584.6693,1221.3362,37.559395","0.40673667,0,0,0.91354543"
,level_016,,MHPlayerSpawnPoint9_3,"6772.8359,6243.4492,114.57833","0.97029561,0,0,-0.24192244"
,level_016,,MHPlayerSpawnPoint3_10,"1639.1039,4612.3179,23.439611","0.55919319,0,0,0.82903743"
,level_017,,MHPlayerSpawnPoint8_7,"1157.9092,7356.811,233.74316","0.24192087,0,0,0.97029597"
,level_017,,MHPlayerSpawnPoint6_7,"1161.5354,7315.8433,233.81693","0.75470895,0,0,0.65605974"
417028;417015;417014;417013;417012;417011;417010;417009;417008;417007;417004;417003;417002;417001;101714;101713;101712;101711;,level_017,,MHPlayerSpawnPoint6,"4461.8223,2450.9033,169.38159","0.99996191,0,0,0.0087267254"
,level_017,,MHPlayerSpawnPoint6_8,"5230.8452,6889.8047,489.71844","0.25037891,0,0,0.96814793"
,level_017,,MHPlayerSpawnPoint2_3,"3648.2778,2550.8228,200.57458","0.68835467,0,0,-0.72537434"
,level_017,,MHPlayerSpawnPoint1_2,"403.43283,1295.7982,91.08004","0.73727721,0,0,0.67559034"
,level_017,,MHPlayerSpawnPoint4_1,"4995.8325,1103.3115,207.65012","0.043619242,0,0,0.99904823"
,level_017,,MHPlayerSpawnPoint4_5_1,"4254.749,2966.8596,141.65123","0.96126151,0,0,0.27563795"
,level_017,,MHPlayerSpawnPoint4_5_2,"4221.9287,2926.0371,133.26624","0.95102018,-0.0074800611,0.0044944687,0.30900565"
,level_017,,MHPlayerSpawnPoint3_5_2,"4202.459,2976.5903,136.63016","0.78798103,-0.0079088816,-0.0036879764,-0.61563766"
,level_017,,MHPlayerSpawnPoint2_1,"4973.8906,1082.7467,203.80962","0.72537446,0,0,-0.68835449"
,level_017,,MHPlayerSpawnPoint3_2,"359.18073,1343.2045,108.48707","-0.026177276,0,0,0.99965733"
,level_017,,MHPlayerSpawnPoint,"7275.7744,1173.8046,207.1109","0.42261824,0,0,0.90630782"
,level_017,,MHPlayerSpawnPoint7_8,"5157.6807,6882.2505,489.71844","0.53730065,0,0,-0.84339076"
,level_017,,MHPlayerRevivePoint,"7275.8193,1173.828,207.11371","0.3907311,0,0,0.92050487"
,level_017,,MHPlayerSpawnPoint2_7,"1134.6249,7265.3481,233.46321","0.98162699,0,0,0.19081001"
,level_017,,MHPlayerSpawnPoint7_6,"6105.3579,3807.4287,149.51149","0.80385733,0,0,-0.59482211"
417028;417015;417014;417013;417012;417011;417010;417009;417008;417007;417004;417003;417002;417001;101714;101713;101712;101711;,level_017,,MHPlayerSpawnPoint1,"3215.8516,1162.5717,602.32678","0.017452264,0,0,0.99984771"
,level_017,,MHPlayerSpawnPoint5_4_2,"4479.1563,2517.4463,173.67651","-0.35020763,0,0,0.93667209"
,level_017,,MHPlayerSpawnPoint6_5,"4246.9844,3006.6863,146.2854","0.48480907,0,0,0.87462002"
,level_017,,MHPlayerSpawnPoint5_3_1,"3686.6597,2549.3152,199.84822","0.41469312,0,0,0.90996134"
,level_017,,MHPlayerSpawnPoint5_3_2,"3663.6177,2577.7795,185.51552","0.017452206,0,0,0.99984771"
,level_017,,MHPlayerSpawnPoint1_0,"7256.8555,1160.4882,198.67119","-0.24192192,0,0,0.97029573"
,level_017,,MHPlayerSpawnPoint7_2,"425.16528,1355.729,129.3091","0.55919272,0,0,0.82903773"
,level_017,,MHPlayerSpawnPoint10_2,"399.37091,1327.6554,128.48706","0.98325485,0,0,0.18223576"
,level_017,,MHPlayerSpawnPoint5_6,"6096.4634,3850.1843,149.35629","0.70090979,0,0,-0.71324992"
,level_017,,MHPlayerSpawnPoint3_5_1,"4206.0464,2932.8813,131.69348","0.99353409,-0.0086703924,0.00098786224,-0.11319845"
,level_017,,MHPlayerSpawnPoint8_6,"6146.189,3870.136,149.48305","-0.034900405,0,0,0.99939078"
,level_017,,MHPlayerSpawnPoint1_4,"4509.6777,2450.5266,170.3441","0.99862951,0,0,-0.052335925"
,level_017,,MHPlayerSpawnPoint0_1,"5037.7061,1038.0701,203.18727","0.74314481,0,0,0.66913068"
,level_017,,MHPlayerSpawnPoint5_4_1,"4534.3218,2486.199,182.74344","0.3007057,0,0,0.95371699"
618001;101802;101801;,level_018,,MHPlayerSpawnPoint1_0_2,"980.22827,1029.7054,157.69072","1,0,0,8.1956379e-008"
618001;101802;101801;,level_018,,MHPlayerSpawnPoint1_0_3,"979.16553,1037.3125,158","0.03489941,0,0,0.99939084"
618001;101802;101801;,level_018,,MHPlayerSpawnPoint0_1_1,"1546.1997,1070.9694,171.35817","0.70710689,0,0,-0.70710665"
618001;101802;101801;,level_018,,MHPlayerRevivePiont,"960.1853,1034.2905,158","0.67559016,0,0,-0.73727739"
618001;101802;101801;,level_018,,MHPlayerSpawnPoint0_1_2,"1703.1804,1024.2435,164.03583","0.99996191,0,0,-0.008726229"
618001;101802;101801;,level_018,,MHPlayerSpawnPoint0_1_3,"1663.1879,1076.1809,165.39178","-3.039857e-007,0,0,1"
618001;101802;101801;,level_018,,MHPlayerSpawnPoint1_0_1,"984.98199,1033.7445,158","0.67559016,0,0,0.73727745"
618001;101802;101801;,level_018,,MHPlayerSpawnPoint1,"960.19885,1034.2706,158","0.67559016,0,0,-0.73727739"
,level_020,,MHPlayerSpawnPoint2_1,"2073.9189,673.41998,113.15035","0.7009095,0,0,-0.71325022"
,level_020,,MHPlayerSpawnPoint3_1,"2081.6311,694.32507,113.20166","-0.13917379,0,0,0.99026799"
,level_020,,MHPlayerSpawnPoint3_2,"1045.3785,928.18353,69.990891","0.95630467,0,0,0.2923719"
,level_020,,MHPlayerSpawnPoint1_0,"2278.0591,345.44452,150.93936","0.0087264422,0,0,0.99996191"
,level_020,,MHPlayerSpawnPoint2_4,"2106.4092,1573.2528,133.3067","0.6494481,0,0,-0.7604059"
,level_020,,MHPlayerRevivePoint,"2273.155,322.6973,151.31435","1,0,0,0"
,level_020,,MHPlayerSpawnPoint2_3,"3040.0554,860.86755,117.8692","0.6156615,0,0,-0.78801072"
,level_020,,MHPlayerSpawnPoint1_3,"3076.8472,826.17151,117.84016","0.98901588,0,0,-0.14780931"
,level_020,,MHPlayerSpawnPoint3_4,"2138.5142,1578.1848,131.60504","0.97029573,0,0,0.24192183"
,level_020,,MHPlayerSpawnPoint4_3,"3050.0044,889.90747,119.0066","0.13052616,0,0,0.99144489"
,level_020,,MHPlayerSpawnPoint4_2,"1041.7058,967.4964,69.82959","0.46947128,0,0,0.88294774"
,level_020,,MHPlayerSpawnPoint0_1,"2091.8506,658.1413,113.61534","0.99965733,0,0,-0.026176713"
,level_020,,MHPlayerSpawnPoint1_2,"1017.1718,902.25458,69.393829","0.95630467,0,0,0.2923719"
,level_020,,MHPlayerSpawnPoint,"2273.0872,322.64569,151.2317","1,0,0,0"
,level_020_all,,MHPlayerSpawnPoint2_1,"2073.9189,673.41998,113.15035","0.7009095,0,0,-0.71325022"
,level_020_all,,MHPlayerSpawnPoint7_6,"1993.1301,2516.3945,202.70287","0.60876155,0,0,-0.79335332"
,level_020_all,,MHPlayerSpawnPoint8_5,"3230.2664,1782.3994,52.149834","0.51503825,0,0,-0.85716718"
,level_020_all,,MHPlayerSpawnPoint5_3,"3075.9075,887.06805,117.5","0.13052616,0,0,0.99144489"
,level_020_all,,MHPlayerSpawnPoint3_1,"2081.6311,694.32507,113.20166","-0.13917379,0,0,0.99026799"
,level_020_all,,MHPlayerSpawnPoint3_2,"1052.2239,928.20013,69.990891","0.95630467,0,0,0.2923719"
,level_020_all,,MHPlayerSpawnPoint8_6,"2010.9225,2579.8582,202.94798","0.13917299,0,0,0.99026811"
,level_020_all,,MHPlayerSpawnPoint3_5,"3278.6804,1725.0983,52.149834","0.99756402,0,0,0.069756694"
,level_020_all,,MHPlayerSpawnPoint1_0,"2278.0591,345.44452,150.93936","0.0087264422,0,0,0.99996191"
,level_020_all,,MHPlayerSpawnPoint2_4,"2106.4092,1573.2528,133.3067","0.6494481,0,0,-0.7604059"
,level_020_all,,MHPlayerSpawnPoint6_7,"431.01605,2073.9224,69.369537","0.84804803,0,0,0.52991939"
,level_020_all,,MHPlayerSpawnPoint5_8,"2911.0256,3792.6636,100.04843","0.82412601,0,0,0.56640649"
,level_020_all,,MHPlayerRevivePoint,"2273.155,322.6973,151.31435","1,0,0,0"
,level_020_all,,MHPlayerSpawnPoint6_4,"2137.9602,1633.2771,131.20357","-0.42261848,0,0,0.9063077"
,level_020_all,,MHPlayerSpawnPoint2_7,"311.92047,2061.5237,71.201828","0.99619472,0,0,-0.087155789"
,level_020_all,,MHPlayerSpawnPoint4_6,"2011.1882,2488.7793,202.94859","0.96363056,0,0,-0.26723802"
,level_020_all,,MHPlayerSpawnPoint7_2,"998.49805,937.34412,69.776871","-0.49242383,0,0,0.87035555"
,level_020_all,,MHPlayerSpawnPoint2_3,"3038.8813,860.66388,117.62984","0.6156615,0,0,-0.78801072"
420204;420203;420202;420201;420103;420102;420018;420017;420010;420009;420008;420007;420006;420005;420004;420003;,level_020_all,,MHPlayerSpawnPointR4,"2122.6277,1584.8124,131.54654","1,0,0,0"
,level_020_all,,MHPlayerSpawnPoint6_8,"2844.1575,3807.8035,100.28","0.66262019,0,0,-0.74895561"
,level_020_all,,MHPlayerSpawnPoint1_3,"3076.9121,826.26367,117.91003","0.98901588,0,0,-0.14780931"
420204;420203;420202;420201;420103;420102;420018;420017;420010;420009;420008;420007;420006;420005;420004;420003;,level_020_all,,MHPlayerSpawnPointR7,"363.68741,2071.8879,69.757004","0.95105648,0,0,0.30901712"
,level_020_all,,MHPlayerSpawnPoint3_4,"2138.5142,1578.1848,131.60504","0.97029573,0,0,0.24192183"
,level_020_all,,MHPlayerSpawnPoint4_3,"3050.0044,889.90747,119.0066","0.13052616,0,0,0.99144489"
,level_020_all,,MHPlayerSpawnPoint4_2,"1041.7058,967.4964,69.82959","0.46947128,0,0,0.88294774"
,level_020_all,,MHPlayerSpawnPoint0_1,"2091.8506,658.1413,113.61534","0.99965733,0,0,-0.026176713"
420204;420203;420202;420201;420103;420102;420018;420017;420010;420009;420008;420007;420006;420005;420004;420003;,level_020_all,,MHPlayerSpawnPointR8,"2886.5945,3800.2324,100.20203","1,0,0,0"
,level_020_all,,MHPlayerSpawnPoint1_2,"1017.1718,902.25458,69.393829","0.95630467,0,0,0.2923719"
,level_020_all,,MHPlayerSpawnPoint,"2273.0872,322.64569,151.2317","1,0,0,0"
421007;,level_021,,MHPlayerSpawnPoint_R5,"3915.4446,4574.6196,2.8299713","0.77714598,0,0,0.62932038"
,level_021,,MHPlayerSpawnPoint3-2,"6540.5845,1839.5155,32.379971","0.69465834,0,0,-0.71933985"
,level_021,,MHPlayerSpawnPoint7-6,"1246.8308,5577.916,97.227531","-0.45399073,0,0,0.89100641"
,level_021,,MHPlayerSpawnPoint5-3,"4439.5293,2667.5278,58.347191","-0.078459211,0,0,0.99691731"
,level_021,,MHPlayerSpawnPoint8-2,"6599.25,1825.2349,32.427647","0.71933985,0,0,0.69465834"
,level_021,,MHPlayerSpawnPoint4-7,"3470.9863,6882.9272,149.78043","0.86162913,0,0,0.50753844"
,level_021,,MHPlayerRevivePoint,"913.25366,821.90924,98.19239","0.94551849,0,0,-0.32556844"
421007;,level_021,,MHPlayerSpawnPoint_R4,"5883.5732,4461.7275,51.323967","0.52991921,0,0,0.84804815"
,level_021,,MHPlayerSpawnPoint4-5,"3928.1013,4559.3535,3.0797219","0.86602545,0,0,0.49999991"
,level_021,,MHPlayerSpawnPoint1-3,"4403.4556,2613.3794,58.286964","0.88701093,0,0,-0.46174851"
,level_021,,MHPlayerSpawnPoint7-8,"6532.6851,6340.2549,56.108418","-0.20791186,0,0,0.97814757"
,level_021,,MHPlayerSpawnPoint2-8,"6540.2329,6286.9692,51.92524","0.99619478,0,0,-0.087155424"
421007;,level_021,,MHPlayerSpawnPoint_R3,"4423.6372,2652.7031,58.163445","-0.34202012,0,0,0.93969262"
,level_021,,MHPlayerSpawnPoint6-7,"3417.8645,6889.2983,149.57841","0.70090938,0,0,-0.71325034"
,level_021,,MHPlayerSpawnPoint4-2,"6611.3037,1865.517,32.406242","0.061048757,0,0,0.99813479"
,level_021,,MHPlayerSpawnPointC-1,"3399.9287,2074.8525,33.867741","0.97236997,0,0,0.23344526"
421007;,level_021,,MHPlayerSpawnPoint_R7,"3434.4712,6881.6143,149.47141","0.99144489,0,0,-0.13052614"
,level_021,,MHPlayerSpawnPoint2-3,"4470.9219,2644.6543,58.382229","0.60181493,0,0,0.7986356"
,level_021,,MHPlayerSpawnPoint3-5,"3889.6033,4556.7178,3.086165","0.99452186,0,0,-0.1045286"
,level_021,,MHPlayerSpawnPoint7-5,"3880.7871,4588.5811,2.8097041","0.54463857,0,0,-0.83867085"
,level_021,,MHPlayerSpawnPoint6-1,"3345.6223,2081.5098,34.492607","0.59482288,0,0,-0.80385685"
,level_021,,MHPlayerSpawnPoint1-C,"921.16614,833.45313,97.708755","0.32556844,0,0,0.94551849"
,level_021,,MHPlayerSpawnPoint1-6,"1242.8405,5529.0811,97.462654","0.99813479,0,0,-0.061048381"
,level_021,,MHPlayerSpawnPoint,"915.15302,809.07233,98.198097","0.9063077,0,0,-0.42261842"
,level_021,,MHPlayerSpawnPoint3-1,"3370.9043,2097.4878,35.145737","-0.15643451,0,0,0.9876883"
,level_021,,MHPlayerSpawnPoint8-7,"3482.0781,6921.1567,149.63997","0.74314475,0,0,0.66913074"
,level_021,,MHPlayerSpawnPoint1-2,"6565.4141,1803.7275,32.560665","0.99862951,0,0,-0.052335896"
,level_021,,MHPlayerSpawnPoint2-4,"5896.0591,4435.4644,51.368969","0.87035567,0,0,0.49242356"
421007;,level_021,,MHPlayerSpawnPoint_R8,"6540.8018,6309.6255,53.077736","1,0,0,0"
,level_021,,MHPlayerSpawnPoint5-7,"3453.0178,6866.4507,149.58784","0.9925462,0,0,-0.12186915"
,level_021,,MHPlayerSpawnPoint7-4,"5844.1206,4471.1123,51.497231","-0.24192192,0,0,0.97029573"
,level_021,,MHPlayerSpawnPoint6-5,"3875.9067,4567.8315,3.0546737","0.75470954,0,0,-0.65605909"
,level_021,,MHPlayerSpawnPoint5-4,"5833.1714,4451.2451,51.515755","0.82903749,0,0,-0.55919307"
,level_021,,MHPlayerSpawnPoint5-6,"1255.1796,5599.853,97.490601","0.043619089,0,0,0.99904823"
,level_021,,MHPlayerSpawnPoint2-1,"3398.3857,2091.7732,35.289238","0.38268322,0,0,0.92387962"
422001;,level_022,,MHPlayerSpawnPoint_strat,"1028.8679,933.6377,87","1,0,0,0"
422001;,level_022,,MHPlayerSpawnPoint_0-1,"3054.9421,961.1709,94.172585","0.9335804,0,0,-0.35836801"
422001;,level_022,,MHPlayerSpawnPoint_relive,"1028.7996,933.86676,87.03125","1,0,0,0"
,miltontest,,MHPlayerSpawnPoint1,"152.99998,68.999992,23.999998","1,0,0,0"
190802;190801;190803;,mvm_test,,MHPlayerSpawnPoint3,"1405.0344,713.48254,30","0.99996191,0,0,-0.008726377"
190802;190801;190803;,mvm_test,,CatHandcartPoint,"630.18988,866.86334,30.054451","-0.21643963,0,0,0.97629601"
190802;190801;190803;,mvm_test,,MHPlayerSpawnPoint2,"1406.3965,707.79932,30.134357","1,0,0,0"
190802;190801;190803;,mvm_test,,MHPlayerSpawnPoint1,"1404.9342,745.65942,30","0.05233587,0,0,0.99862951"
192222;,mythland,,MHPlayerSpawnPoint1,"1090.0554,895.50562,69.195663","-0.13917306,0,0,0.99026811"
,mythland,,RevivePoint,"1090.0463,895.51819,69.319016","1,0,0,0"
,my_level,,MHPlayerSpawnPoint2_0,"302.80664,295.76968,80","0.71325034,0,0,-0.70090938"
,my_level,,MHPlayerSpawnPoint0_2,"153.20006,415.20996,49.970745","1,0,0,0"
,my_level,,MHPlayerSpawnPoint2,"324.35352,298.16641,80","0.5877853,0,0,0.80901694"
,my_level,,MHPlayerSpawnPoint3,"63.825943,385.41705,50.058754","0.94832361,0,0,-0.31730473"
,my_level,,MHPlayerSpawnPoint,"327.6394,299.24435,80","0.5877853,0,0,0.80901694"
,my_level,,MHPlayerSpawnPoint2_3,"58.309361,247.99164,31.692833","-0.30901694,0,0,0.95105654"
,new_arena_001,,MHPlayerSpawnPoint1,"636.34003,851.52301,30","1,0,0,0"
,pvp_01,,MHPlayerSpawnPoint_Blue2,"715.49219,405.13394,63.360252","0.68199843,0,0,-0.7313537"
,pvp_01,,MHPlayerSpawnPoint_Blue4,"723.96326,419.15359,63.360252","0.56640625,0,0,-0.82412618"
,pvp_01,,MHPlayerSpawnPoin_Red1,"769.00635,381.44119,63.385979","0.71933979,0,0,0.6946584"
,pvp_01,,MHPlayerSpawnPoin_Red2,"768.45471,404.46884,63.385979","0.71933979,0,0,0.6946584"
,pvp_01,,RevivePoint_Red3,"767.43634,428.66586,63.370422","0.70710677,0,0,0.70710683"
,pvp_01,,MHPlayerSpawnPoint_Blue1,"714.133,428.7403,63.360252","0.68199843,0,0,-0.7313537"
,pvp_01,,MHPlayerSpawnPoin_Red3,"767.38531,428.30353,63.385979","0.71933979,0,0,0.6946584"
,pvp_01,,MHPlayerSpawnPoin_default,"742.12274,405.37442,63.385979","0.71933979,0,0,0.6946584"
,pvp_01,,RevivePoint_Blue4,"723.84845,418.85294,63.360252","0.56640625,0,0,-0.82412618"
,pvp_01,,RevivePoint_Red1,"769.05737,381.80353,63.370422","0.70710677,0,0,0.70710683"
,pvp_01,,MHPlayerSpawnPoin_Red4,"759.40662,389.16556,63.385979","0.89100653,0,0,0.45399055"
,pvp_01,,RevivePoint_Blue3,"714.97327,381.18634,63.360252","0.68835467,0,0,-0.72537434"
,pvp_01,,RevivePoint_Blue2,"715.47168,404.79755,63.360252","0.68199843,0,0,-0.73135364"
,pvp_01,,RevivePoint_Red4,"759.45764,389.52789,63.370422","0.88294756,0,0,0.46947163"
,pvp_01,,MHPlayerSpawnPoint_Blue3,"714.99377,381.52274,63.360252","0.68835455,0,0,-0.72537434"
,pvp_01,,RevivePoint_Blue1,"714.11249,428.4039,63.360252","0.68199843,0,0,-0.73135364"
,pvp_01,,RevivePoint_Red2,"768.50574,404.83118,63.370422","0.70710677,0,0,0.70710683"
,pvp_01_test,,MHPlayerSpawnPoint1,"761.42694,389.31339,64.59623","0.97029573,0,0,0.24192192"
,pvp_01_test,,MHPlayerSpawnPoin_A,"323.6662,200.01524,72","-0.35020736,0,0,0.93667221"
,pvp_01_test,,MHPlayerSpawnPoint6,"713.54889,405.43695,64.576416","0.71325046,0,0,-0.70090926"
,pvp_01_test,,MHPlayerSpawnPoint5,"724.3725,420.202,64.624809","0.57357651,0,0,-0.819152"
,pvp_01_test,,MHPlayerSpawnPoint4,"770.3858,378.93521,64.565918","0.68199837,0,0,0.7313537"
,pvp_01_test,,MHPlayerSpawnPoint2,"771.58551,410.28015,64.573059","0.68199831,0,0,0.7313537"
,pvp_01_test,,CarHandCart_A,"317.67184,204.29289,72","-0.36650118,0,0,0.9304176"
,pvp_01_test,,CatHandCart_B,"945.30646,96.631386,72","0.034899425,0,0,0.99939084"
,pvp_01_test,,MHPlayerSpawnPoint7,"714.69763,379.77274,64.563622","0.70710677,0,0,-0.70710683"
,pvp_01_test,,MHPlayerSpawnPoint3,"770.38556,429.6731,64.57061","0.7547096,0,0,0.65605909"
,pvp_01_test,,MHPlayerSpawnPoint_B,"945.05896,95.786606,72","0.034899425,0,0,0.99939084"
,pvp_01_test,,MHPlayerSpawnPoint8,"713.58679,430.67358,64.562508","0.71933985,-0,0,-0.69465834"
,pvp_test2,,MHPlayerSpawnPoint1,"1028.4677,1003.084,0","0.79335338,0,0,0.60876143"
,pvp_test2,,MHPlayerSpawnPoint3,"1042.0792,1003.084,0","0.70710677,0,0,0.70710677"
,pvp_test2,,MHPlayerSpawnPoint4,"1041.4996,1117.5343,0","0.70710677,0,0,0.70710677"
,pvp_test2,,MHPlayerSpawnPoint2,"1025.7863,1117.5343,0","0.70710677,0,0,0.70710677"
,pvp_test3,,MHPlayerSpawnPoint1,"1028.4677,1003.084,0","0.79335338,0,0,0.60876143"
,pvp_test3,,MHPlayerSpawnPoint3,"1042.0792,1003.084,0","0.70710677,0,0,0.70710677"
,pvp_test3,,MHPlayerSpawnPoint4,"1041.4996,1117.5343,0","0.70710677,0,0,0.70710677"
,pvp_test3,,MHPlayerSpawnPoint2,"1025.7863,1117.5343,0","0.70710677,0,0,0.70710677"
,pvp_test4,,MHPlayerSpawnPoin_A,"323.6662,200.01524,72","-0.35020736,0,0,0.93667221"
,pvp_test4,,MHPlayerSpawnPoint7,"714.70911,379.78967,63.243393","0.70710671,0,0,-0.70710683"
,pvp_test4,,MHPlayerSpawnPoint3,"770.35883,429.66864,62.572292","0.74895573,0,0,0.66262007"
,pvp_test4,,MHPlayerSpawnPoint6,"713.56079,405.4509,63.243393","0.70710671,0,0,-0.70710683"
,pvp_test4,,MHPlayerSpawnPoint4,"770.36053,378.93567,62.572292","0.68199837,0,0,0.7313537"
,pvp_test4,,MHPlayerSpawnPoint8,"713.59283,430.69232,63.243393","0.71933979,0,0,-0.6946584"
,pvp_test4,,CarHandCart_A,"320.79428,203.58646,72","-0.36650118,0,0,0.9304176"
,pvp_test4,,CatHandCart_B,"945.30646,96.631386,72","0.034899425,0,0,0.99939084"
,pvp_test4,,MHPlayerSpawnPoint2,"771.60974,410.29532,62.572292","0.68199837,0,0,0.7313537"
,pvp_test4,,MHPlayerSpawnPoint1,"761.42065,389.29718,62.53125","0.97437006,0,0,0.22495106"
,pvp_test4,,MHPlayerSpawnPoint5,"724.37677,420.20587,62.53125","0.56640619,0,0,-0.82412624"
,pvp_test4,,MHPlayerSpawnPoint_B,"945.05896,95.786606,72","0.034899425,0,0,0.99939084"
,pvp_test5,,MHPlayerSpawnPoint1,"1028.4677,1027.1467,145.87349","0.79335338,0,0,0.60876143"
,pvp_test5,,MHPlayerSpawnPoint3,"1037.5745,1026.4744,145.87349","0.70710677,0,0,0.70710677"
,pvp_test5,,MHPlayerSpawnPoint4,"1034.8972,1115.271,145.87349","0.70710677,0,0,0.70710677"
,pvp_test5,,MHPlayerSpawnPoint2,"1025.7863,1115.2003,145.87349","0.70710677,0,0,0.70710677"
,speedboattestlevel,,MHPlayerSpawnPoint1,"1040,1183,16","1,0,0,0"
,standardlevel,,SRT_0_to_1_Point,"1126.7871,948.60248,20.02392","-0.3173047,0,0,0.94832367"
,standardlevel,,StartPos,"1045.8735,1065.9536,20","0.81411552,0,0,-0.58070296"
,testlevel,,MHPlayerSpawnPoint1,"1347.2715,1084.2347,100","1,0,0,0"
196789;,test_level_1,,MHPlayerSpawnPoint2,"258,378,87","0.67559016,0,0,-0.73727739"
,test_level_1,,MHPlayerSpawnPoint_1_to_0,"388,362,87","0.73727745,0,0,-0.6755901"
196789;,test_level_1,,MHPlayerSpawnPoint1,"128,396,87","0.73727745,0,0,0.6755901"
,test_level_1,,SpawnPoint,"413,342,87","0.76604438,0,0,0.64278769"
,test_level_1,,MHPlayerSpawnPoint_0_to_1,"287,374,87","0.76604438,0,0,0.64278769"
,test_level_1,,RespawnPoint,"415,338,87","0.76604438,0,0,0.64278769"
180101;,village_01,Milard Village,Minimap_Teleport,"656.78711,740.2207,143.72086","-0.31730461,0,0,0.94832367"
180101;,village_01,Milard Village,EntryPoint_FromFarm,"635.36932,682.52539,140.25","0.67559028,0,0,-0.73727733"
180101;,village_01,Milard Village,MHPlayerSpawnPointFronGuildCamp,"639.41357,755.27332,145.02179","0.62932044,0,0,-0.77714592"
180101;,village_01,Milard Village,EntryPoint_FromNPC_30147,"645.50214,683.91217,140.22871","-0.224951,0,0,0.97437012"
180101;,village_01,Milard Village,Arrive_From_Hub02,"675.57684,667.98639,135.08177","0.9426415,0,0,-0.33380684"
180101;,village_01,Milard Village,MHPlayerSpawnPoint_Init,"688.96802,675.20068,135.00098","0.95371699,0,0,0.30070573"
180101;,village_01,Milard Village,EntryPoint_FromHubS,"687.25659,673.74487,135.20961","0.98325491,0,0,0.18223555"
180101;,village_01,Milard Village,EntryPoint_FromNewBie,"704.63934,751.16705,140.93056","0.97236991,0,0,-0.23344538"
180101;,village_01,Milard Village,EntryPoint_FromNPC_30003,"706.92188,749.95575,140.77135","0.96126169,0,0,-0.27563736"
180101;,village_01,Milard Village,MHPlayerSpawnPoint_FromNewbie,"688.49628,678.08325,135.87538","0.9636305,0,0,0.26723835"
180101;,village_01,Milard Village,EntryPoint_FromNPC_30135,"667.02039,711.33752,141.5","0.74314481,0,0,0.66913062"
180101;,village_01,Milard Village,EntryPoint_FromNPC_30134,"666.83075,710.07526,141.5","0.77162457,0,0,0.63607824"
180101;,village_01,Milard Village,EntryPoint_FromNPC_39006,"667.86133,713.83954,141.5","0.85264015,0,0,0.52249855"
180101;,village_01,Milard Village,Arrive_From_Village02,"673.61475,670.71124,135.06155","0.89493436,0,0,-0.44619787"
180201;,village_02,Mezeporta,Teleport_To_Main_Area_Point,"1122.36,1297.8098,32.387268","0.82412618,0,0,-0.56640619"
180201;,village_02,Mezeporta,Npc_SpawnPoint_30134_BackPoint,"1233.2175,1162.4561,26.053967","0.69465828,0,0,0.71933991"
180201;,village_02,Mezeporta,Minimap_Teleport,"1245.8522,1240.337,23.608009","0.87035573,0,0,-0.4924235"
180201;,village_02,Mezeporta,MHPlayerSpawnPoint_From_Y,"1350.0581,1043.6713,12.860145","0.97437006,0,0,0.22495112"
180201;,village_02,Mezeporta,Npc_SpawnPoint_30123_BackPoint,"1274.0281,1164.9447,24.615015","0.55919278,0,0,-0.82903761"
180201;,village_02,Mezeporta,MHPlayerSpawnPoint_From_Hub02,"1309.2261,1270.5763,14.07324","0.52249849,0,0,0.85264021"
180201;,village_02,Mezeporta,Arrive_From_Village01,"1192.4529,1178.5397,32.516991","0.98628557,0,0,0.16504772"
180201;,village_02,Mezeporta,Teleport_To_Government_Building_Point,"254.51402,594.03662,261.03903","-0.46174863,0,0,0.88701081"
180201;,village_02,Mezeporta,Npc_SpawnPoint_30100_BackPoint,"271.36929,582.77423,261.51172","0.51503801,0,0,-0.85716736"
180201;,village_02,Mezeporta,Arrive_From_Hub03,"1169.375,1186.6145,32.703117","0.86162919,0,0,-0.50753826"
180201;,village_02,Mezeporta,Teleport_To_Cat_Area_Point,"1326.8115,1063.345,15.543652","0.24192192,0,0,0.97029573"
180201;,village_02,Mezeporta,Npc_SpawnPoint_30147_BackPoint,"1195.5536,1189.0059,32.526096","0.98768836,0,0,0.1564343"
180201;,village_02,Mezeporta,Arrive_From_Hub02,"1309.4305,1270.1383,14.131046","0.49999973,0,0,0.86602557"
180201;,village_02,Mezeporta,Npc_SpawnPoint_30135_BackPoint,"1231.824,1170.5018,26.053967","0.50753832,0,0,0.86162925"
180201;,village_02,Mezeporta,Teleport_To_Main_AreaPoint,"1337.2423,1185.7333,19.770189","0.63607824,0,0,0.77162457"
180201;,village_02,Mezeporta,MHPlayerSpawnPoint1,"1309.8831,1269.4286,14.07324","0.49999994,0,0,0.86602545"
180201;,village_02,Mezeporta,Npc_SpawnPoint_39006_BackPoint1,"1232.8361,1165.7534,26.136835","0.60181499,0,0,0.79863554"
180201;,village_02,Mezeporta,Npc_SpawnPoint_30113_BackPoint,"1333.3918,1240.7797,16.973814","0.64944798,0,0,-0.76040602"
180201;,village_02,Mezeporta,MHPlayerSpawnPointFromFarm,"1310.2157,1175.1678,24.769239","0.99965733,0,0,0.026176946"
180201;,village_02,Mezeporta,SpawnPointFromArena,"1260.8256,1150.1462,24.598204","0.94832367,0,0,-0.31730464"
180201;,village_02,Mezeporta,MHPlayerSpawnPoint_From_X,"257.10538,582.50366,260.94617","0.95371693,0,0,-0.30070585"
180201;,village_02,Mezeporta,MHPlayerSpawnPointFromGuildCamp,"1256.9218,1143.5562,24.769239","0.92050487,0,0,-0.39073107"
,zhaoshijiemian,,MHPlayerSpawnPoint_Initial,"45.28175,22.180183,1.1663437","1,0,0,0"
